"Data","casual","registered","temperature_2m_max...C.","temperature_2m_min...C.","temperature_2m_mean...C.","apparent_temperature_max...C.","apparent_temperature_min...C.","apparent_temperature_mean...C.","daylight_duration..s.","sunshine_duration..s.","precipitation_sum..mm.","rain_sum..mm.","snowfall_sum..cm.","precipitation_hours..h.","wind_speed_10m_max..km.h.","wind_gusts_10m_max..km.h.","wind_direction_10m_dominant....","shortwave_radiation_sum..MJ.m..","et0_fao_evapotranspiration..mm.","Stosunki1","Stosunki2","Stosunki3","Stosunki4","Inne","Inne2","Inne3","Inne4"
"2013-01-01",421,1543,6.9,1.5,3.8,3.7,-2.3,0.4,34207.39,492.9,0,0,0,0,11.3,28.1,292,3.47,0.73,9.45205479452055,5.20547945205479,5.06849315068493,4.75342465753425,12.839,23.943,2.5331,17.47839
"2013-02-01",84,3077,0.2,-4.7,-1.9,-3.9,-10.8,-7.9,36924.17,29572.17,2.9,0,2.03,5,31.1,69.5,296,11.79,1.53,0.130718954248366,-1.24183006535948,-2.54901960784314,7.70588235294118,-45.981,2.358,18.0387,3.60774
"2013-03-01",329,4557,7,0.1,3.8,1.9,-3.7,-0.8,40851.66,26308.64,0,0,0,0,17.1,38.9,303,10.58,1.78,3.93258426966292,2.13483146067416,1.06741573033708,5.9438202247191,20.102,74.06,18.8324,131.8268
"2013-01-02",284,3389,2.7,-3.1,0.4,-1.2,-7,-4,34250.91,30479.74,0,0,0,0,14.8,36.4,336,9.82,1.18,2.28813559322034,0.338983050847458,-1.01694915254237,8.32203389830508,-11.784,26.514,11.5876,31.28652
"2013-02-02",233,2217,0.5,-7.4,-3.5,-4.8,-12.1,-8.6,37048.52,25749.66,0.3,0,0.28,2,15.8,32.8,227,10.97,1.41,0.354609929078014,-2.4822695035461,-3.40425531914894,7.78014184397163,-52.656,5.485,15.4677,7.73385
"2013-03-02",674,3033,3.7,-2,1.7,-1.2,-6.4,-3.1,41003.4,14903.68,0,0,0,0,14.7,32.4,311,9.42,1.64,2.25609756097561,1.03658536585366,-0.731707317073171,5.74390243902439,-11.304,34.854,15.4488,57.16056
"2013-01-03",297,3547,3.5,-3.4,-0.4,-0.7,-7.3,-4.3,34297.74,29260.52,0,0,0,0,9.8,22.3,266,8.42,0.93,3.76344086021505,-0.43010752688172,-0.752688172043011,9.05376344086021,-5.894,29.47,7.8306,27.4071
"2013-02-03",185,2370,2.9,-3.7,-0.9,-0.5,-7.8,-4.9,37175.07,20733.26,0,0,0.07,0,14.3,35.3,252,9.09,1.07,2.71028037383178,-0.841121495327103,-0.467289719626168,8.49532710280374,-4.545,26.361,9.7263,28.20627
"2013-03-03",475,2573,4.7,-1.9,1.2,-1.2,-6.8,-4.2,41155.37,33045.85,0,0,0,0,21.4,45,310,12.04,1.98,2.37373737373737,0.606060606060606,-0.606060606060606,6.08080808080808,-14.448,56.588,23.8392,112.04424
"2013-01-04",297,3781,5.9,-3.3,0.5,0.6,-7.5,-4.3,34347.81,30597.6,0,0,0,0,18.6,42.5,274,9.7,1.33,4.43609022556391,0.37593984962406,0.451127819548872,7.29323308270677,5.82,57.23,12.901,76.1159
"2013-02-04",122,3797,2.8,-4.1,-1,-1.9,-9.6,-6.1,37303.62,32881.71,0,0,0.07,0,18.3,41,274,10.8,1.55,1.80645161290323,-0.645161290322581,-1.2258064516129,6.96774193548387,-20.52,30.24,16.74,46.872
"2013-03-04",311,4101,6.4,-1.9,1.6,0.7,-7.7,-3.9,41307.45,38188.39,0,0,0,0,23.4,52.2,306,18.73,2.46,2.60162601626016,0.650406504065041,0.284552845528455,7.61382113821138,13.111,119.872,46.0758,294.88512
"2013-01-05",509,3007,6.2,-1,1.5,3,-5.2,-2.6,34401.04,30424.26,0,0,0,0,16.3,32,290,10.14,1.22,5.08196721311475,1.22950819672131,2.45901639344262,8.31147540983607,30.42,62.868,12.3708,76.69896
"2013-02-05",151,4427,7.3,-0.8,2,4.5,-4.3,-1.3,37434.05,21491.62,0,0,0.07,0,8.2,19.1,72,8.33,1.02,7.15686274509804,1.96078431372549,4.41176470588235,8.16666666666667,37.485,60.809,8.4966,62.02518
"2013-03-05",444,4737,9.8,-3.1,2.7,7.4,-7.5,-1.2,41459.54,37522.13,0,0,0,0,13.1,31.7,347,18.37,2.47,3.96761133603239,1.09311740890688,2.99595141700405,7.43724696356275,135.938,180.026,45.3739,444.66422
"2013-01-06",585,3166,10.2,-0.2,4.6,6.5,-3.4,1.2,34457.38,30705.14,0.1,0.1,0,1,12.3,24.8,229,9.81,1.28,7.96875,3.59375,5.078125,7.6640625,63.765,100.062,12.5568,128.07936
"2013-02-06",179,4692,6.7,-1.6,2,1.7,-5.5,-2,37566.16,33765.24,0,0,0,0,16.9,38.5,323,10.98,1.34,5,1.49253731343284,1.26865671641791,8.19402985074627,18.666,73.566,14.7132,98.57844
"2013-03-06",79,1046,3.1,1.1,2,-1.8,-4.5,-3.4,41611.51,0,29.3,10.8,12.95,22,33.3,76.7,28,2.6,0.37,8.37837837837838,5.40540540540541,-4.86486486486486,7.02702702702703,-4.68,8.06,0.962,2.9822
"2013-01-07",332,4409,7.8,-0.5,3.6,4,-4,-0.2,34516.75,30771.3,0,0,0,0,14.1,32.4,305,9.78,1.19,6.5546218487395,3.02521008403361,3.36134453781513,8.21848739495798,39.12,76.284,11.6382,90.77796
"2013-02-07",175,4263,4.1,-2.8,0.6,-0.2,-6.6,-3.3,37699.82,5402.63,0,0,0,0,13,27.7,83,7.38,0.97,4.22680412371134,0.618556701030928,-0.206185567010309,7.60824742268041,-1.476,30.258,7.1586,29.35026
"2013-03-07",315,4691,7.7,-0.5,3.4,3,-4.8,-1.3,41763.26,36667.4,0,0,0,0,22.3,48.2,333,17.51,2.07,3.71980676328502,1.64251207729469,1.44927536231884,8.45893719806763,52.53,134.827,36.2457,279.09189
"2013-01-08",442,4832,9.8,-1.8,2.6,7.1,-5.9,-1,34579.08,30830.79,0,0,0,0,12.9,31,192,9.95,1.09,8.99082568807339,2.38532110091743,6.51376146788991,9.12844036697247,70.645,97.51,10.8455,106.2859
"2013-02-08",146,3205,5.7,0.7,2.8,2.7,-5.8,-0.9,37834.88,0,5.6,5.5,0.07,14,26.7,57.6,347,2.58,0.48,11.875,5.83333333333333,5.625,5.375,6.966,14.706,1.2384,7.05888
"2013-03-08",410,4425,9,-0.2,4,3.9,-5.2,-1.4,41914.68,38556.1,0,0,0,0,27.7,59.8,332,16.42,2.39,3.76569037656904,1.67364016736402,1.63179916317992,6.87029288702929,64.038,147.78,39.2438,353.1942
"2013-01-09",356,4754,11.9,-1.2,5.2,9.7,-4.5,2.4,34644.3,21600,0,0,0,0,13.3,27,231,6.61,0.94,12.6595744680851,5.53191489361702,10.3191489361702,7.03191489361702,64.117,78.659,6.2134,73.93946
"2013-02-09",424,3004,4.4,-2.9,0,-1.3,-9.9,-6.2,37971.18,34346.26,0,0,0,0,29.8,63,316,14.73,2.05,2.14634146341463,0,-0.634146341463415,7.18536585365854,-19.149,64.812,30.1965,132.8646
"2013-03-09",2168,4600,14.7,0,7.1,12.5,-4.5,3.6,42065.67,38621.12,0,0,0,0,16.4,34.6,337,19.89,2.94,5,2.41496598639456,4.25170068027211,6.76530612244898,248.625,292.383,58.4766,859.60602
"2013-01-10",359,5023,11.2,0.8,6.1,7.9,-2.7,2.8,34712.61,30679.82,0,0,0,0,15.2,31.3,326,10.4,1.38,8.11594202898551,4.42028985507246,5.72463768115942,7.53623188405797,82.16,116.48,14.352,160.7424
"2013-02-10",501,3075,6.2,-3.6,0.9,1.7,-8,-3.3,38108.58,34059.2,0,0,0,0,14.5,28.1,136,13.29,1.62,3.82716049382716,0.555555555555556,1.04938271604938,8.2037037037037,22.593,82.398,21.5298,133.48476
"2013-03-10",2328,4436,15.5,-0.6,7.6,12.4,-4.1,4.3,42216.12,38720.05,0,0,0,0,14.3,31.3,152,19.48,2.95,5.25423728813559,2.57627118644068,4.20338983050847,6.60338983050847,241.552,301.94,57.466,890.723
"2013-01-11",254,3840,7.8,1,4.4,5.3,-2.3,1.7,34784.71,933.55,5.3,5.3,0,7,9.6,27.7,128,2.3,0.43,18.1395348837209,10.2325581395349,12.3255813953488,5.34883720930233,12.19,17.94,0.989,7.7142
"2013-02-11",151,4071,13.3,1.6,7.9,10.7,-3,4.9,38246.94,0,10.4,10.4,0,8,22.3,53.6,201,3.64,0.63,21.1111111111111,12.5396825396825,16.984126984127,5.77777777777778,38.948,48.412,2.2932,30.49956
"2013-03-11",1026,5013,17,3.3,9.7,14.9,0.3,6.9,42366.27,35026.21,0.1,0.1,0,1,19.1,56.9,157,16.27,2.5,6.8,3.88,5.96,6.508,242.423,276.59,40.675,691.475
"2013-01-12",1239,4334,11.4,4.2,7.7,10.2,2.3,6.4,34860.51,8151.14,0,0,0,0,7.5,17.6,150,5.07,0.68,16.7647058823529,11.3235294117647,15,7.45588235294118,51.714,57.798,3.4476,39.30264
"2013-02-12",281,5342,12.4,3.5,7.4,9,0.2,3.4,38386.1,34621.2,0,0,0,0,21.1,45,302,14.83,2.39,5.18828451882845,3.09623430962343,3.76569037656904,6.20502092050209,133.47,183.892,35.4437,439.50188
"2013-03-12",449,3796,16.3,7.2,12.2,13.3,2.9,9.1,42517.21,19902.8,24.5,24.5,0,12,21.5,66.6,223,7.81,1.73,9.42196531791908,7.05202312138728,7.6878612716763,4.51445086705202,103.873,127.303,13.5113,220.23419
"2013-01-13",834,3280,14.7,8.4,11.5,14.9,6.9,10.7,34939.86,0,0,0,0,0,11.4,25.9,155,2.4,0.39,37.6923076923077,29.4871794871795,38.2051282051282,6.15384615384615,35.76,35.28,0.936,13.7592
"2013-02-13",171,3362,7.4,-1.3,3.2,3.9,-5.6,-0.3,38525.95,20998.25,6.6,6.1,0.35,8,11.7,27.4,60,7.12,1,7.4,3.2,3.9,7.12,27.768,52.688,7.12,52.688
"2013-03-13",625,5068,10.3,0.3,5.6,5.3,-3,1,42668.93,39086.19,0.7,0.7,0,1,21.1,47.2,287,17.29,2.75,3.74545454545455,2.03636363636364,1.92727272727273,6.28727272727273,91.637,178.087,47.5475,489.73925
"2013-01-14",444,4579,15.6,7.9,12.9,15.4,4,11.3,35022.59,0,0.9,0.9,0,4,16.5,37.8,280,1.48,0.63,24.7619047619048,20.4761904761905,24.4444444444444,2.34920634920635,22.792,23.088,0.9324,14.54544
"2013-02-14",355,4762,9.4,-0.8,3.7,6.1,-4.9,0.2,38666.34,34975.29,0.2,0.2,0,1,11.9,28.8,282,15.08,1.76,5.34090909090909,2.10227272727273,3.46590909090909,8.56818181818182,91.988,141.752,26.5408,249.48352
"2013-03-14",440,4386,7.8,-0.5,3.3,1,-5.9,-2.7,42821.32,39158.1,0,0,0,0,30.1,64.4,299,20.89,3.15,2.47619047619048,1.04761904761905,0.317460317460317,6.63174603174603,20.89,162.942,65.8035,513.2673
"2013-01-15",224,2673,5.9,3.4,4.3,2.5,0.3,1.5,35108.54,0,12.7,12.7,0,18,13,27.7,22,1.06,0.29,20.3448275862069,14.8275862068966,8.62068965517241,3.6551724137931,2.65,6.254,0.3074,1.81366
"2013-02-15",683,4632,14.3,-0.7,6.1,11.3,-4.3,2.7,38807.13,34435.75,1.5,1.5,0,4,21.6,37.4,240,14.58,2.14,6.68224299065421,2.85046728971963,5.2803738317757,6.81308411214953,164.754,208.494,31.2012,446.17716
"2013-03-15",1201,5129,13.6,-2.4,5.4,9.8,-6.5,1.2,42974.29,35624.27,0,0,0,0,20.8,44.6,251,18.07,2.76,4.92753623188406,1.95652173913044,3.55072463768116,6.54710144927536,177.086,245.752,49.8732,678.27552
"2013-01-16",197,3280,4.5,2,3.3,2.3,-1.2,0.5,35197.56,0,21.3,21.3,0,17,11.6,22,349,0.97,0.22,20.4545454545455,15,10.4545454545455,4.40909090909091,2.231,4.365,0.2134,0.9603
"2013-02-16",679,2526,4.3,0.9,2.2,0.9,-4.7,-1.4,38948.21,1728.48,2.8,2.7,0.21,8,17.2,29.9,346,7.08,0.96,4.47916666666667,2.29166666666667,0.9375,7.375,6.372,30.444,6.7968,29.22624
"2013-03-16",1811,4357,14.7,4.1,6.9,13.1,0.9,4.1,43127.74,18494.72,6.1,6.1,0,7,13.8,52.9,52,9.3,1.38,10.6521739130435,5,9.49275362318841,6.73913043478261,121.83,136.71,12.834,188.6598
"2013-01-17",361,4408,6.4,1.2,3.9,3,-1.7,1,35289.49,2760.51,6.3,4.5,1.26,16,12.2,30.6,322,3.14,0.53,12.0754716981132,7.35849056603774,5.66037735849057,5.92452830188679,9.42,20.096,1.6642,10.65088
"2013-02-17",483,2004,1,-2.8,-1,-5.3,-9.8,-7.7,39089.43,34342.6,0,0,0,0,29.7,64.4,305,13.75,2.2,0.454545454545455,-0.454545454545455,-2.40909090909091,6.25,-72.875,13.75,30.25,30.25
"2013-03-17",982,2960,5.4,0.2,3.5,1.9,-3.2,0.2,43281.57,7413.57,0,0,0,0,11.9,28.8,9,7.66,1.04,5.19230769230769,3.36538461538462,1.82692307692308,7.36538461538461,14.554,41.364,7.9664,43.01856
"2013-01-18",340,4132,3,-2.1,0.8,-1.3,-6.8,-3.7,35384.18,31611.15,0.5,0.2,0.21,2,17.7,43.6,312,11.65,1.38,2.17391304347826,0.579710144927536,-0.942028985507246,8.44202898550725,-15.145,34.95,16.077,48.231
"2013-02-18",534,2786,4.6,-4.8,-0.9,0.1,-10.9,-6.3,39230.67,36029.41,0,0,0,0,21.8,43.6,276,16.36,2.25,2.04444444444444,-0.4,0.0444444444444444,7.27111111111111,1.636,75.256,36.81,169.326
"2013-03-18",248,2499,3.9,0.9,2.5,1,-3.4,-1.1,43435.68,0,16.7,12.8,2.73,18,17.9,39.6,92,3.33,0.62,6.29032258064516,4.03225806451613,1.61290322580645,5.37096774193548,3.33,12.987,2.0646,8.05194
"2013-01-19",1199,3719,10.8,-1.7,3.6,6.4,-6.6,-1.3,35481.49,31690.21,0,0,0,0,18.5,42.5,201,11.47,1.93,5.59585492227979,1.86528497409326,3.3160621761658,5.94300518134715,73.408,123.876,22.1371,239.08068
"2013-02-19",163,3769,6.8,0.4,3.5,3,-4.7,-1.2,39372.21,5004.84,3,2.9,0.07,5,24,49.3,210,3.2,0.85,8,4.11764705882353,3.52941176470588,3.76470588235294,9.6,21.76,2.72,18.496
"2013-03-19",674,5268,15.1,2.1,7.3,9.8,-0.3,3.7,43589.98,33477.39,0.5,0.5,0,2,21.2,50.8,285,17.33,3.05,4.95081967213115,2.39344262295082,3.21311475409836,5.68196721311475,169.834,261.683,52.8565,798.13315
"2013-01-20",1656,4043,14.1,2.7,7,8.6,-2.2,1.9,35581.24,31769.67,0,0,0,0,23.8,54,250,11.21,2.59,5.44401544401544,2.7027027027027,3.32046332046332,4.32818532818533,96.406,158.061,29.0339,409.37799
"2013-02-20",190,4162,4.1,-1.6,1,-1.6,-7.5,-4.7,39515.21,36327.93,0,0,0,0,22.5,49.3,298,16.49,2.32,1.76724137931034,0.431034482758621,-0.689655172413793,7.10775862068965,-26.384,67.609,38.2568,156.85288
"2013-03-20",556,5250,10.8,-0.5,5.7,5.7,-4.8,0.8,43744.37,35539.12,0,0,0,0,23.1,54,273,18.7,3.14,3.43949044585987,1.81528662420382,1.81528662420382,5.95541401273885,106.59,201.96,58.718,634.1544
"2013-01-21",1026,3500,7.6,-1.8,2.1,3.7,-5.9,-2.3,35683.3,31702.76,0,0,0,0,18.2,47.5,21,9.79,1.58,4.81012658227848,1.32911392405063,2.34177215189873,6.19620253164557,36.223,74.404,15.4682,117.55832
"2013-02-21",187,3922,3.9,-3.5,-0.6,-1.9,-9.7,-6.3,39659.65,36479.11,0,0,0,0,19.9,46.1,308,16.83,2.21,1.76470588235294,-0.271493212669683,-0.85972850678733,7.61538461538461,-31.977,65.637,37.1943,145.05777
"2013-03-21",308,4200,3.8,-1,1.7,-1.3,-6.5,-3.8,43898.75,38362.39,0,0,0,0,21.5,49,320,15.66,2.36,1.61016949152542,0.720338983050847,-0.550847457627119,6.63559322033898,-20.358,59.508,36.9576,140.43888
"2013-01-22",89,2842,-0.8,-6.1,-4.3,-6.6,-13.1,-10.8,35787.53,32037.7,0,0,0,0,21.9,50,301,12.43,1.86,-0.43010752688172,-2.31182795698925,-3.54838709677419,6.68279569892473,-82.038,-9.944,23.1198,-18.49584
"2013-02-22",123,3403,1.1,-1.9,-0.2,-2.8,-7,-4.4,39805.39,2385.61,1.1,0,0.77,3,12.6,28.8,91,3.6,0.82,1.34146341463415,-0.24390243902439,-3.41463414634146,4.39024390243902,-10.08,3.96,2.952,3.2472
"2013-03-22",682,4725,7.8,-2.2,2.1,2.5,-7.8,-3,44053.02,40828.74,0,0,0,0,20.9,46.1,290,18.53,2.62,2.97709923664122,0.801526717557252,0.954198473282443,7.07251908396947,46.325,144.534,48.5486,378.67908
"2013-01-23",69,3115,-2.2,-8.9,-5.7,-7.1,-14.2,-11,35893.77,32181.58,0,0,0,0,15.4,40,290,12.29,1.33,-1.65413533834586,-4.28571428571429,-5.33834586466165,9.2406015037594,-87.259,-27.038,16.3457,-35.96054
"2013-02-23",211,2336,5.7,0.7,3,3.9,-2.9,0.3,39952.31,0,1.2,1.2,0,4,8.7,18.7,15,2.25,0.34,16.7647058823529,8.8235294117647,11.4705882352941,6.61764705882353,8.775,12.825,0.765,4.3605
"2013-03-23",2473,4006,11.6,-2.9,3.8,7.1,-7,-0.4,44207.08,41123.16,0,0,0,0,19.4,43.2,307,20.93,2.79,4.15770609318996,1.36200716845878,2.54480286738351,7.50179211469534,148.603,242.788,58.3947,677.37852
"2013-01-24",20,2405,-1.6,-7,-4.8,-8.7,-12.3,-10.6,36001.89,31924.37,0.3,0,0.42,3,25.5,55.4,348,11.08,1.42,-1.12676056338028,-3.38028169014085,-6.12676056338028,7.80281690140845,-96.396,-17.728,15.7336,-25.17376
"2013-02-24",846,3479,10.6,1.4,5.5,5.4,-4,1.4,40100.29,36938.96,0.3,0.3,0,1,22,47.9,316,15.59,2.25,4.71111111111111,2.44444444444444,2.4,6.92888888888889,84.186,165.254,35.0775,371.8215
"2013-03-24",1109,2748,6.7,-1.3,2.5,2.8,-4.8,-1.2,44360.84,7831.91,1.8,0.5,0.91,5,12,29.5,50,10.96,1.5,4.46666666666667,1.66666666666667,1.86666666666667,7.30666666666667,30.688,73.432,16.44,110.148
"2013-01-25",44,2310,-3.5,-7.8,-6.1,-8.7,-13.2,-10.9,36111.74,0,2.4,0,1.75,5,12.3,27.7,214,4.46,0.75,-4.66666666666667,-8.13333333333333,-11.6,5.94666666666667,-38.802,-15.61,3.345,-11.7075
"2013-02-25",331,4617,8.2,-3.2,2.3,5.1,-7.2,-1.6,40249.19,37093.9,0,0,0,0,14,27,334,16.83,2.11,3.88625592417062,1.09004739336493,2.41706161137441,7.97630331753555,85.833,138.006,35.5113,291.19266
"2013-03-25",84,1828,3.4,0.6,1.8,0.8,-3,-1.3,44514.21,0,12.1,3.1,6.37,21,12.7,24.8,18,5.71,0.66,5.15151515151515,2.72727272727273,1.21212121212121,8.65151515151515,4.568,19.414,3.7686,12.81324
"2013-01-26",179,2560,1.3,-7.1,-3.1,-3.5,-11.3,-7.4,36223.18,18172.45,0,0,0,0,13.9,36,317,8.74,0.96,1.35416666666667,-3.22916666666667,-3.64583333333333,9.10416666666667,-30.59,11.362,8.3904,10.90752
"2013-02-26",149,2593,8.3,-2,2.8,4.5,-5.6,-1.3,40398.89,0,14.9,14.9,0,10,27.6,83.2,85,4.44,0.61,13.6065573770492,4.59016393442623,7.37704918032787,7.27868852459016,19.98,36.852,2.7084,22.47972
"2013-03-26",647,4936,9.4,-1.1,4.1,4.9,-4.7,0.1,44667.06,33546.75,0.1,0.1,0,1,16.3,42.8,307,17.2,2.21,4.25339366515837,1.8552036199095,2.21719457013575,7.78280542986425,84.28,161.68,38.012,357.3128
"2013-01-27",263,2726,3.4,-5.5,-2,-0.6,-9.9,-6.1,36336.09,32497.48,0,0,0,0,8.9,18,304,12.4,1.33,2.55639097744361,-1.50375939849624,-0.451127819548872,9.32330827067669,-7.44,42.16,16.492,56.0728
"2013-02-27",363,5025,13.1,4.7,8.8,9.9,1.3,5.9,40549.29,25787.04,5.6,5.6,0,6,21.3,82.1,305,11.17,1.72,7.61627906976744,5.11627906976744,5.75581395348837,6.49418604651163,110.583,146.327,19.2124,251.68244
"2013-03-27",646,5154,9.7,1,5.3,4.3,-3.5,0.3,44819.32,41640.9,0.1,0.1,0,1,24.8,56.9,300,21.18,2.91,3.33333333333333,1.8213058419244,1.47766323024055,7.27835051546392,91.074,205.446,61.6338,597.84786
"2013-01-28",65,2647,6.7,-3.7,1.9,3.5,-7.7,-2.2,36450.33,9212.62,4.3,4,0.21,8,16.6,37.4,196,4.07,0.63,10.6349206349206,3.01587301587302,5.55555555555556,6.46031746031746,14.245,27.269,2.5641,17.17947
"2013-02-28",296,4788,8.3,3,5.4,3.5,-1,1.5,40700.24,33004.22,0.4,0.4,0,4,17.4,40,287,11.2,1.81,4.58563535911602,2.98342541436464,1.93370165745856,6.1878453038674,39.2,92.96,20.272,168.2576
"2013-03-28",699,4884,10.8,1.2,5.7,5.8,-3,0.9,44970.87,37846.09,0,0,0,0,23.3,50.4,307,17.29,2.69,4.01486988847584,2.11895910780669,2.15613382899628,6.4275092936803,100.282,186.732,46.5101,502.30908
"2013-01-29",321,5470,18,0.9,8.6,17.1,-2.1,6.7,36565.77,32629.67,0,0,0,0,12.6,24.5,191,10.17,1.4,12.8571428571429,6.14285714285714,12.2142857142857,7.26428571428572,173.907,183.06,14.238,256.284
"2013-03-29",1968,5416,12.5,0.3,6.6,8.3,-3.5,2.7,45121.62,40230.75,0,0,0,0,17.5,42.1,307,18.32,2.71,4.61254612546125,2.43542435424354,3.06273062730627,6.76014760147601,152.056,229,49.6472,620.59
"2013-01-30",182,4460,20.4,11,15.8,20.6,8.8,14.5,36682.67,0,2.6,2.6,0,6,27.4,66.6,194,3.25,0.81,25.1851851851852,19.5061728395062,25.4320987654321,4.01234567901235,66.95,66.3,2.6325,53.703
"2013-03-30",5006,4592,14.7,-0.2,7.4,11.2,-3.2,4.4,45271.46,41917.56,0,0,0,0,9.5,31.3,311,19.02,2.81,5.23131672597865,2.63345195729537,3.98576512455516,6.76868327402135,213.024,279.594,53.4462,785.65914
"2013-01-31",120,4205,18.2,0.8,7.6,16.9,-4.2,2.2,36802.16,33179.47,15,15,0,7,32.2,103,266,13.2,2.37,7.67932489451477,3.20675105485232,7.13080168776371,5.56962025316456,223.08,240.24,31.284,569.3688
"2013-03-31",1401,2384,12.4,3.5,8.4,10.7,-0.4,5.8,45420.62,5496.55,3.2,3.2,0,7,13.6,34.6,173,7.23,1.23,10.0813008130081,6.82926829268293,8.69918699186992,5.87804878048781,77.361,89.652,8.8929,110.27196
"2013-04-01",1303,5065,16.8,3.8,9.6,13.5,0.8,6.1,45570.12,42098.57,0.1,0.1,0,1,26.2,56.9,281,19.39,3.09,5.4368932038835,3.10679611650485,4.36893203883495,6.27508090614887,261.765,325.752,59.9151,1006.57368
"2013-05-01",1197,7410,19.6,10.6,14.7,18.2,8.3,12.4,49855.15,45698.88,0,0,0,0,13.7,34.9,76,28.12,4.84,4.0495867768595,3.03719008264463,3.7603305785124,5.8099173553719,511.784,551.152,136.1008,2667.57568
"2013-06-01",3657,5800,32.5,21,27.1,35,22.4,28.5,52985.98,49517.46,0,0,0,0,15.3,36,207,24.88,6.29,5.16693163751987,4.30842607313196,5.56438791732909,3.95548489666137,870.8,808.6,156.4952,5086.094
"2013-04-02",738,5164,9.3,-0.9,4.7,3.8,-4.9,-0.2,45719.95,42228.02,0,0,0,0,21.9,49.7,299,20.88,3.05,3.04918032786885,1.54098360655738,1.24590163934426,6.84590163934426,79.344,194.184,63.684,592.2612
"2013-05-02",1323,7167,19,7,12.8,18.7,5.4,11.5,49985,45863.79,0,0,0,0,12.8,32,88,26.11,3.95,4.81012658227848,3.24050632911392,4.73417721518987,6.61012658227848,488.257,496.09,103.1345,1959.5555
"2013-06-02",2997,4667,31.6,23.4,26.6,33.8,23.5,27.9,53047.76,44360.74,2.8,2.8,0,3,18.4,47.9,211,24.04,6.12,5.16339869281046,4.34640522875817,5.52287581699346,3.9281045751634,812.552,759.664,147.1248,4649.14368
"2013-04-03",929,5297,10.6,-2.6,4.1,5.4,-6.8,-0.7,45870.02,42318.64,0,0,0,0,24.5,52.9,305,23.19,3.38,3.13609467455621,1.21301775147929,1.59763313609467,6.86094674556213,125.226,245.814,78.3822,830.85132
"2013-05-03",1774,6881,18.1,7,12.5,17.1,4.8,10.3,50113.35,46365.15,0,0,0,0,16.5,40,95,27.6,4.27,4.23887587822014,2.92740046838408,4.00468384074941,6.46370023419204,471.96,499.56,117.852,2133.1212
"2013-06-03",1442,5951,27.3,20.3,22.3,29.9,21.2,24.9,53106.78,33885.96,22,22,0,14,14.5,36,265,14.68,2.94,9.28571428571429,7.58503401360544,10.1700680272109,4.99319727891156,438.932,400.764,43.1592,1178.24616
"2013-04-04",904,4925,9.7,-3.1,3.3,6.8,-7.2,-0.4,46020.22,32583.68,0.5,0.5,0,2,11.4,27,173,20.02,2.68,3.61940298507463,1.23134328358209,2.53731343283582,7.47014925373134,136.136,194.194,53.6536,520.43992
"2013-05-04",3650,5822,18.7,8.3,12.7,17.7,6.7,10.8,50240.07,34602.81,0,0,0,0,15.9,36.7,89,22.17,3.62,5.16574585635359,3.50828729281768,4.88950276243094,6.12430939226519,392.409,414.579,80.2554,1500.77598
"2013-06-04",1852,8074,24.5,15.3,20.4,25,12.8,19.3,53162.98,49634.73,0,0,0,0,14.6,30.6,339,30.87,6.16,3.97727272727273,3.31168831168831,4.05844155844156,5.01136363636364,771.75,756.315,190.1592,4658.9004
"2013-04-05",1559,6030,17.5,1.4,8.5,13.5,-1,5.4,46170.47,39691.11,8.5,7.7,0.56,8,20.4,42.8,326,23.54,3.79,4.61741424802111,2.24274406332454,3.56200527704485,6.21108179419525,317.79,411.95,89.2166,1561.2905
"2013-05-05",2931,5055,16.3,7.1,11.1,15,4.5,8.7,50365.04,44018,0,0,0,0,13.9,36,87,23.3,3.38,4.82248520710059,3.28402366863905,4.43786982248521,6.89349112426036,349.5,379.79,78.754,1283.6902
"2013-06-05",1910,8076,25.7,15.7,21,26.5,16,20.9,53216.31,49648.25,0,0,0,0,12.3,29.2,133,28.18,5.6,4.58928571428571,3.75,4.73214285714286,5.03214285714286,746.77,724.226,157.808,4055.6656
"2013-04-06",4099,5172,12.2,1.7,7.1,10.5,-2,3.5,46320.67,42705.43,0,0,0,0,15.6,31.7,30,25.01,3.8,3.21052631578947,1.86842105263158,2.76315789473684,6.58157894736842,262.605,305.122,95.038,1159.4636
"2013-05-06",1065,5440,16.7,7.3,12.5,15.6,5.1,10.6,50488.12,1555,0.6,0.6,0,2,20.1,44.3,72,8.9,1.58,10.5696202531646,7.91139240506329,9.87341772151899,5.63291139240506,138.84,148.63,14.062,234.8354
"2013-06-06",1223,5631,22.8,16.3,19.6,22.5,15.8,19.4,53266.7,4975.44,14.9,14.9,0,6,18,40.3,134,9.03,2.49,9.1566265060241,7.8714859437751,9.03614457831325,3.62650602409638,203.175,205.884,22.4847,512.65116
"2013-04-07",4428,5334,19.5,3.7,11,16.3,-0.1,7.7,46470.73,42735.55,0,0,0,0,19.8,47.5,185,24.19,3.97,4.91183879093199,2.77078085642317,4.10579345088161,6.09319899244332,394.297,471.705,96.0343,1872.66885
"2013-05-07",344,4075,18.6,13.1,15,18.4,11.7,14.1,50609.19,1661.73,17.6,17.6,0,23,19.4,45.4,72,6.3,0.99,18.7878787878788,15.1515151515152,18.5858585858586,6.36363636363636,115.92,117.18,6.237,116.0082
"2013-06-07",242,2235,21.2,18.3,19.9,24.1,18.8,22,53314.08,419.8,57.7,57.7,0,24,18.4,40.7,12,2.94,0.68,31.1764705882353,29.2647058823529,35.4411764705882,4.32352941176471,70.854,62.328,1.9992,42.38304
"2013-04-08",1949,6517,25.5,8.7,17.4,25.3,6.9,16.2,46620.54,42733.4,0,0,0,0,16.1,31.3,203,22.9,4.63,5.50755939524838,3.75809935205184,5.46436285097192,4.94600431965443,579.37,583.95,106.027,2703.6885
"2013-05-08",821,5765,21.3,13.4,16.2,23.2,13.5,16.7,50728.1,35905.15,9,9,0,13,13.6,32.8,134,20.47,3.39,6.28318584070796,4.7787610619469,6.84365781710914,6.03834808259587,474.904,436.011,69.3933,1478.07729
"2013-06-08",3572,6186,26,17.5,21,27.8,18,22.5,53358.4,37641.02,0.1,0.1,0,1,14.8,37.8,285,19.6,3.68,7.06521739130435,5.70652173913043,7.55434782608696,5.32608695652174,544.88,509.6,72.128,1875.328
"2013-04-09",2138,7612,28.5,12.8,21.1,29.6,11.9,20.7,46770,42912.86,0,0,0,0,16.4,34.6,235,23.48,5.1,5.58823529411765,4.13725490196078,5.80392156862745,4.60392156862745,695.008,669.18,119.748,3412.818
"2013-05-09",1122,6671,23.4,12.2,17.2,24.4,12.1,17.4,50844.71,40582.71,0.3,0.3,0,1,14.1,39.6,257,22.32,3.92,5.96938775510204,4.38775510204082,6.22448979591837,5.69387755102041,544.608,522.288,87.4944,2047.36896
"2013-06-09",3433,5787,27.2,17.1,22.5,30.7,18.2,24.7,53399.6,48965.11,0,0,0,0,11.7,29.5,110,22.25,4.32,6.2962962962963,5.20833333333333,7.10648148148148,5.15046296296296,683.075,605.2,96.12,2614.464
"2013-04-10",1965,7588,31.3,14.9,22.5,33,14.5,22.8,46919.02,37252.93,2.2,2.2,0,3,16,33.8,236,21.76,5.05,6.1980198019802,4.45544554455446,6.53465346534654,4.30891089108911,718.08,681.088,109.888,3439.4944
"2013-05-10",1979,6891,27.9,13.5,20.5,29.2,13.2,21.4,50959.2,41009.76,0,0,0,0,13.7,34.2,212,24.75,4.97,5.61368209255533,4.12474849094567,5.87525150905433,4.97987927565392,722.7,690.525,123.0075,3431.90925
"2013-06-10",713,3655,25.7,20.2,22.1,29.7,22.5,25.1,53437.62,15729.41,24.8,24.8,0,19,18.8,43.2,159,9.21,1.75,14.6857142857143,12.6285714285714,16.9714285714286,5.26285714285714,273.537,236.697,16.1175,414.21975
"2013-04-11",1886,7205,29.3,14.8,21.7,31.7,15.2,22.7,47067.48,37649.06,0,0,0,0,18.8,33.8,100,21.6,4.64,6.31465517241379,4.67672413793103,6.83189655172414,4.6551724137931,684.72,632.88,100.224,2936.5632
"2013-05-11",2099,4356,25.3,17.1,20.5,26.7,18.1,21.7,51072.44,39543.07,11.3,11.3,0,8,14.6,46.8,215,19.15,3.56,7.10674157303371,5.75842696629213,7.5,5.37921348314607,511.305,484.495,68.174,1724.8022
"2013-06-11",1737,7456,28.1,19.4,23.6,29.3,21.5,25.1,53472.39,49693.37,0,0,0,0,18.8,47.2,263,24.54,5.1,5.50980392156863,4.62745098039216,5.74509803921569,4.81176470588235,719.022,689.574,125.154,3516.8274
"2013-04-12",1173,4824,22.7,12.9,17.5,25.4,11,17.8,47215.3,14738.6,21.7,21.7,0,16,16.6,54,90,7.37,1.48,15.3378378378378,11.8243243243243,17.1621621621622,4.97972972972973,187.198,167.299,10.9076,247.60252
"2013-05-12",3084,4926,17.8,11.5,15.5,17.8,7.1,12.8,51184.41,46938.79,0.6,0.6,0,2,21.1,48.6,299,28.8,5.03,3.53876739562624,3.08151093439364,3.53876739562624,5.72564612326044,512.64,512.64,144.864,2578.5792
"2013-06-12",1585,7595,29.9,18.6,24.9,32.5,19.6,26.8,53503.88,46562.99,0,0,0,0,17,44.6,280,23.29,5.06,5.90909090909091,4.92094861660079,6.42292490118577,4.60276679841897,756.925,696.371,117.8474,3523.63726
"2013-04-13",5375,5892,19.4,7.6,13.7,17.8,6.1,11.5,47362.36,43317.66,0,0,0,0,16,42.1,301,21.22,3.67,5.28610354223433,3.73297002724796,4.85013623978202,5.78201634877384,377.716,411.668,77.8774,1510.82156
"2013-05-13",1064,6317,15.2,5.8,10.9,10.7,2.7,6.9,51295,47412.95,0,0,0,0,20.3,47.2,291,22.89,4.03,3.77171215880893,2.70471464019851,2.65508684863524,5.67990074441687,244.923,347.928,92.2467,1402.14984
"2013-06-13",1162,6097,31.3,19.5,24.5,35.3,18.9,27.4,53532,30442.92,20.7,20.7,0,9,20.1,58.7,254,20.23,4.26,7.34741784037559,5.75117370892019,8.28638497652582,4.74882629107981,714.119,633.199,86.1798,2697.42774
"2013-04-14",4370,5234,19.4,5.8,12.7,18.4,3.2,10.5,47508.56,42292.23,0,0,0,0,12.8,36,336,25.09,4.11,4.72019464720195,3.09002433090024,4.47688564476886,6.10462287104623,461.656,486.746,103.1199,2000.52606
"2013-05-14",1264,6797,18.3,3.2,11.4,16.2,0.2,8.9,51404.1,46793.75,0,0,0,0,10.9,33.1,294,28.36,4.49,4.07572383073497,2.53897550111359,3.60801781737194,6.3162583518931,459.432,518.988,127.3364,2330.25612
"2013-06-14",2209,7574,24.5,16.8,20.4,23.5,16.2,19.4,53556.71,46800,1.6,1.6,0,3,20.9,43.9,335,23.19,4.94,4.95951417004049,4.12955465587044,4.75708502024291,4.69433198380567,544.965,568.155,114.5586,2806.6857
"2013-04-15",1289,5619,17.3,11.3,13.9,15.1,9.5,11.9,47653.77,17845.34,1.4,1.4,0,4,14.5,32.8,117,11.51,2.45,7.06122448979592,5.6734693877551,6.16326530612245,4.69795918367347,173.801,199.123,28.1995,487.85135
"2013-05-15",1321,7435,28.7,12.3,19.4,29.8,9.6,19,51511.61,44067.48,0.8,0.8,0,3,17.9,38.2,186,21.92,4.55,6.30769230769231,4.26373626373626,6.54945054945055,4.81758241758242,653.216,629.104,99.736,2862.4232
"2013-06-15",4201,6245,27.2,15.3,21.7,27.9,15,22.2,53577.96,47561.26,0,0,0,0,12.4,29.5,292,27.14,5.44,5,3.98897058823529,5.12867647058823,4.98897058823529,757.206,738.208,147.6416,4015.85152
"2013-04-16",1519,6728,21.9,11.9,17,21.2,11,15.9,47797.91,39331.03,0.1,0.1,0,1,17.3,41,173,15.62,3.01,7.27574750830565,5.64784053156146,7.04318936877076,5.18936877076412,331.144,342.078,47.0162,1029.65478
"2013-05-16",1522,7373,27.8,17.8,22.5,29.2,17.4,23.4,51617.41,44003.14,0.5,0.5,0,1,15.4,41.4,275,20.76,4.46,6.23318385650224,5.04484304932735,6.54708520179372,4.65470852017937,606.192,577.128,92.5896,2573.99088
"2013-06-16",3533,5177,29.4,16.9,23.7,30.9,18.6,25.6,53595.7,41455.52,1.4,1.4,0,1,18.6,46.4,242,22.56,4.93,5.96348884381339,4.80730223123732,6.26774847870183,4.57606490872211,697.104,663.264,111.2208,3269.89152
"2013-04-17",1363,7114,22.5,14.9,18.6,23.2,15.5,19,47940.83,33341.96,1.7,1.7,0,3,12.3,32.4,80,14.78,2.8,8.03571428571429,6.64285714285714,8.28571428571429,5.27857142857143,342.896,332.55,41.384,931.14
"2013-05-17",2544,7503,27.5,13.4,20.9,28.9,13,20.9,51721.4,48354.28,0,0,0,0,14.3,24.5,23,26.18,5.35,5.14018691588785,3.90654205607477,5.4018691588785,4.89345794392523,756.602,719.95,140.063,3851.7325
"2013-06-17",1729,6884,30.1,20.1,24.7,34.1,22.4,27.7,53609.86,46837.4,1.1,1.1,0,2,10.4,31.7,241,24.21,4.98,6.04417670682731,4.95983935742972,6.84738955823293,4.86144578313253,825.561,728.721,120.5658,3629.03058
"2013-04-18",1192,6494,24.2,14,18,23.4,13.3,17.5,48082.44,32172.48,1.9,1.9,0,5,19.5,43.6,137,14.15,2.82,8.58156028368794,6.38297872340426,8.29787234042553,5.0177304964539,331.11,342.43,39.903,965.6526
"2013-05-18",1925,4408,18.1,15.3,16.4,17.2,14.4,15.6,51823.46,14448.68,11.6,11.6,0,8,13.8,31.3,129,9.99,2.04,8.87254901960784,8.03921568627451,8.43137254901961,4.89705882352941,171.828,180.819,20.3796,368.87076
"2013-06-18",940,6200,26.4,20.4,22.8,30.5,23.7,26.5,53620.41,3512.65,6.8,6.8,0,5,10.8,20.9,128,9.48,1.97,13.4010152284264,11.5736040609137,15.4822335025381,4.81218274111675,289.14,250.272,18.6756,493.03584
"2013-04-19",1082,5036,25.8,12.4,19.7,24.6,9.3,18.9,48222.61,7053.64,22.1,22.1,0,8,30,74.5,192,10.27,2.69,9.5910780669145,7.32342007434944,9.14498141263941,3.817843866171,252.642,264.966,27.6263,712.75854
"2013-05-19",2077,4597,22.6,15.7,18.9,24.2,16.1,19.9,51923.47,7089.57,0,0,0,0,10.4,22.7,96,10.97,2.2,10.2727272727273,8.59090909090909,11,4.98636363636364,265.474,247.922,24.134,545.4284
"2013-06-19",1802,8237,24.3,17.9,20.9,25.8,19.2,22.4,53627.32,49667.21,0.4,0.4,0,3,12.2,29.2,46,21.63,3.95,6.15189873417722,5.29113924050633,6.53164556962025,5.47594936708861,558.054,525.609,85.4385,2076.15555
"2013-04-20",3411,5382,15.5,9.2,11.9,12.1,4.4,8.1,48361.55,44506.07,4.6,4.6,0,3,20.1,47.5,303,25.82,4.44,3.49099099099099,2.68018018018018,2.72522522522522,5.81531531531532,312.422,400.21,114.6408,1776.9324
"2013-05-20",1624,6759,26.3,17.9,21.7,29.4,19.6,23.9,52021.32,32170.81,3.7,3.7,0,7,9.7,27.4,182,16.99,3.36,7.82738095238095,6.45833333333333,8.75,5.05654761904762,499.506,446.837,57.0864,1501.37232
"2013-06-20",1795,8352,25.7,16,21.2,26.6,17.2,22.2,53630.62,49657.11,0,0,0,0,10.6,28.8,163,24.84,4.87,5.27720739219713,4.35318275154004,5.46201232032854,5.1006160164271,660.744,638.388,120.9708,3108.94956
"2013-04-21",2510,4820,12.3,4.1,8.3,11,0.2,4.9,48500.25,43580.73,0,0,0,0,12.2,29.9,31,26.46,3.89,3.16195372750643,2.13367609254499,2.82776349614396,6.80205655526992,291.06,325.458,102.9294,1266.03162
"2013-05-21",1648,7394,28.4,18.5,23.2,32.5,20.5,25.8,52116.9,41712.6,0,0,0,0,10.5,30.2,198,22.94,4.54,6.25550660792952,5.11013215859031,7.15859030837004,5.05286343612335,745.55,651.496,104.1476,2957.79184
"2013-06-21",2367,7952,27,16.3,21.5,29.3,16.7,22.6,53630.36,49645.05,0,0,0,0,10.2,25.9,145,30.43,5.82,4.63917525773196,3.69415807560137,5.03436426116838,5.22852233676976,891.599,821.61,177.1026,4781.7702
"2013-04-22",779,5958,12.4,2.5,7.9,8.8,-0.7,4.4,48638.68,37763.67,0,0,0,0,16.6,39.2,76,17.74,2.61,4.75095785440613,3.02681992337165,3.37164750957854,6.79693486590038,156.112,219.976,46.3014,574.13736
"2013-05-22",1401,7494,30.3,20,24.5,34.8,22.2,27.5,52210.08,47476.42,1.3,1.3,0,2,14,36,198,25.23,5.05,6,4.85148514851485,6.89108910891089,4.9960396039604,878.004,764.469,127.4115,3860.56845
"2013-06-22",4401,6398,28.9,16.1,22.9,32.1,17.3,25,53626.57,49631.12,0,0,0,0,14.2,28.8,182,27.66,5.49,5.26411657559199,4.1712204007286,5.84699453551913,5.03825136612022,887.886,799.374,151.8534,4388.56326
"2013-04-23",946,6488,15.1,7.8,10.8,14.4,4.6,8.7,48776.74,35075.21,0,0,0,0,11.3,29.5,55,18.58,2.83,5.3356890459364,3.81625441696113,5.08833922261484,6.56537102473498,267.552,280.558,52.5814,793.97914
"2013-05-23",1288,6763,26.5,20.3,22.3,29.2,22.4,24.3,52300.72,14195.22,5.6,5.6,0,11,18.4,40.7,199,13.08,2.66,9.96240601503759,8.38345864661654,10.9774436090226,4.91729323308271,381.936,346.62,34.7928,922.0092
"2013-06-23",2404,4771,27.3,20,23.5,31,23.2,27,53619.28,30391.86,7.6,7.6,0,8,9.7,22.3,148,13.06,2.68,10.1865671641791,8.76865671641791,11.5671641791045,4.87313432835821,404.86,356.538,35.0008,955.52184
"2013-04-24",1306,7154,24.3,6.4,15.5,23.4,4.2,14.2,48914.33,37291.57,0.5,0.5,0,2,21.7,47.9,192,24.65,4.49,5.41202672605791,3.45211581291759,5.21158129175947,5.48997772828508,576.81,598.995,110.6785,2689.48755
"2013-05-24",1004,5623,19.9,12,15.1,22.3,6.8,12.5,52388.73,10922.48,1.7,1.7,0,5,27.6,60.1,313,11.03,2.74,7.26277372262774,5.51094890510949,8.13868613138686,4.02554744525547,245.969,219.497,30.2222,601.42178
"2013-06-24",1470,6572,32.8,20.9,26.4,37.1,23.9,30,53608.53,49259.75,2.8,2.8,0,2,11,29.9,231,27.35,5.85,5.60683760683761,4.51282051282051,6.34188034188034,4.67521367521368,1014.685,897.08,159.9975,5247.918
"2013-04-25",1350,6912,17.3,7.3,12.4,16.5,3.4,9.6,49051.34,45316.91,0.4,0.4,0,2,23.7,51.1,316,28.09,4.61,3.7527114967462,2.68980477223427,3.57917570498915,6.09327548806941,463.485,485.957,129.4949,2240.26177
"2013-05-25",3621,4323,18.5,8,13.4,13.9,3.2,8.8,52473.97,49048.3,0,0,0,0,27.5,59.8,307,26.66,5.43,3.40699815837937,2.46777163904236,2.55985267034991,4.9097605893186,370.574,493.21,144.7638,2678.1303
"2013-06-25",1559,7411,32.9,21,27,37.5,24.4,30.7,53594.35,49578.83,2.3,2.3,0,1,11.6,31,247,25.2,5.55,5.92792792792793,4.86486486486486,6.75675675675676,4.54054054054054,945,829.08,139.86,4601.394
"2013-04-26",1844,7152,18.7,7.1,12.6,16.7,3.7,10.4,49187.67,45469.15,0,0,0,0,13.6,25.9,331,25.3,4.11,4.54987834549878,3.06569343065693,4.0632603406326,6.15571776155718,422.51,473.11,103.983,1944.4821
"2013-05-26",5652,4236,21.8,8.8,15.3,19.2,5.4,12.4,52556.32,49123.85,0,0,0,0,17.8,39.6,301,30.79,5.83,3.73927958833619,2.62435677530017,3.29331046312178,5.28130360205832,591.168,671.222,179.5057,3913.22426
"2013-06-26",1312,7080,32.9,22.3,26.2,38.9,26.2,30.7,53576.79,35453.52,14.9,14.9,0,6,9,29.9,238,21.54,4.55,7.23076923076923,5.75824175824176,8.54945054945055,4.73406593406593,837.906,708.666,98.007,3224.4303
"2013-04-27",4947,5873,20.4,6.8,14.1,20.2,4.8,12.5,49323.21,45628.04,0,0,0,0,10.4,24.8,113,27.38,4.62,4.41558441558441,3.05194805194805,4.37229437229437,5.92640692640693,553.076,558.552,126.4956,2580.51024
"2013-05-27",4452,4514,24.2,8.8,16.8,24.7,6.3,15.3,52635.64,30510.71,0,0,0,0,12.6,24.1,311,24.21,4.76,5.08403361344538,3.52941176470588,5.1890756302521,5.08613445378151,597.987,585.882,115.2396,2788.79832
"2013-06-27",1302,7317,28.2,21.4,24.4,32,25,28.3,53555.89,34120.75,8.7,8.7,0,7,13.1,42.5,194,14.58,2.91,9.69072164948454,8.38487972508591,10.9965635738832,5.01030927835052,466.56,411.156,42.4278,1196.46396
"2013-04-28",3335,4516,20.2,7.6,13.7,18.2,5.3,11.3,49457.84,25915.27,0.4,0.4,0,3,14.8,39.6,163,17.14,3.45,5.85507246376812,3.97101449275362,5.27536231884058,4.96811594202899,311.948,346.228,59.133,1194.4866
"2013-05-28",1587,5964,28.1,14,20,29.9,13.4,20.8,52711.82,45447.64,3.7,3.7,0,5,12.8,30.2,161,18.69,3.73,7.53351206434316,5.36193029490617,8.01608579088472,5.01072386058981,558.831,525.189,69.7137,1958.95497
"2013-06-28",1060,5187,29.4,21.2,25.1,33.3,23.7,28.7,53531.7,49512.43,11.6,11.6,0,8,13.6,41,227,21.11,4.27,6.88524590163934,5.87822014051522,7.79859484777518,4.94379391100703,702.963,620.634,90.1397,2650.10718
"2013-04-29",480,3809,15.4,11.6,13.4,13.9,9.8,12.3,49591.45,224.48,7.1,7.1,0,16,16.5,34.9,122,5.71,1,15.4,13.4,13.9,5.71,79.369,87.934,5.71,87.934
"2013-05-29",1736,7539,32.1,19.4,25.4,34.9,20,26.7,52784.71,49332.91,0.3,0.3,0,2,14.3,32.8,219,26.14,6.07,5.28830313014827,4.18451400329489,5.7495881383855,4.30642504118616,912.286,839.094,158.6698,5093.30058
"2013-06-29",3973,6530,29.8,20.6,25.2,33.8,23.9,28.2,53504.24,49487.54,0,0,0,0,9.5,27.7,213,25.17,5.26,5.66539923954373,4.79087452471483,6.42585551330798,4.7851711026616,850.746,750.066,132.3942,3945.34716
"2013-04-30",604,4755,15.3,12.9,13.9,14.3,11.5,12.6,49723.93,0,1.8,1.8,0,5,17.5,34.6,72,4.15,1.03,14.8543689320388,13.495145631068,13.8834951456311,4.02912621359223,59.345,63.495,4.2745,65.39985
"2013-05-30",1366,7374,33.1,19.3,26.4,36.4,20.7,28.4,52854.43,49396.86,0.1,0.1,0,1,12.5,26.6,208,25.61,5.87,5.63884156729131,4.49744463373083,6.20102214650767,4.36286201022147,932.204,847.691,150.3307,4975.94617
"2013-06-30",2405,4682,29.2,21.3,24.9,34.1,24.4,28.6,53473.57,40791.37,8.3,8.3,0,6,11.5,32.4,170,21.43,4.27,6.8384074941452,5.83138173302108,7.98594847775176,5.01873536299766,730.763,625.756,91.5061,2671.97812
"2013-05-31",1835,7267,32.7,19.3,26.5,34.2,20.9,27.7,52921.51,49458.4,0,0,0,0,17.6,40.3,205,29.55,7.05,4.63829787234043,3.75886524822695,4.85106382978723,4.19148936170213,1010.61,966.285,208.3275,6812.30925
"2013-07-01",1372,6470,26.9,21.9,24,31.1,25.4,27.7,53439.75,25801.64,10.7,10.7,0,15,13,37.8,174,14.85,2.9,9.27586206896552,8.27586206896552,10.7241379310345,5.12068965517241,461.835,399.465,43.065,1158.4485
"2013-08-01",1178,6577,28.4,20.7,23.3,31.9,23.4,26.3,50999.7,31460.41,16.6,16.6,0,11,9.4,31,220,17.77,3.54,8.0225988700565,6.5819209039548,9.01129943502825,5.01977401129944,566.863,504.668,62.9058,1786.52472
"2013-09-01",4698,4518,32.4,21.7,27.2,37.3,25.5,31.2,46866.41,39392.86,0,0,0,0,9.7,22.7,194,19.26,4.31,7.51740139211137,6.31090487238979,8.65429234338747,4.46867749419954,718.398,624.024,83.0106,2689.54344
"2013-07-02",1284,6537,25.6,22.2,23.4,30,25.3,26.8,53402.8,4622.43,7.6,7.6,0,17,15,33.5,184,9.37,1.76,14.5454545454545,13.2954545454545,17.0454545454545,5.32386363636364,281.1,239.872,16.4912,422.17472
"2013-08-02",2358,7456,29.5,19.3,24.3,31.2,20.9,25.9,50884.52,47002.34,0,0,0,0,14.6,34.9,255,22.31,4.9,6.02040816326531,4.95918367346939,6.36734693877551,4.5530612244898,696.072,658.145,109.319,3224.9105
"2013-09-02",3201,4824,32.3,23.7,27.5,37.5,28.2,31.7,46720.43,42941.12,0,0,0,0,9,28.4,229,19.77,4.36,7.40825688073394,6.30733944954128,8.60091743119266,4.53440366972477,741.375,638.571,86.1972,2784.16956
"2013-07-03",1603,6122,29,21.7,24.4,34.1,24.9,28.6,53362.79,27541.35,14.6,14.6,0,20,12.9,32.8,189,15.74,3.07,9.44625407166124,7.94788273615635,11.1074918566775,5.12703583061889,536.734,456.46,48.3218,1401.3322
"2013-08-03",3315,5135,27.4,19,22.4,28.8,20.7,24.7,50767.33,23880.29,5.1,5.1,0,7,11.5,32,262,10.68,2.34,11.7094017094017,9.57264957264957,12.3076923076923,4.56410256410256,307.584,292.632,24.9912,684.75888
"2013-09-03",1375,7435,28.8,22.4,25.3,29.8,21.1,26.2,46574.4,42822.35,0,0,0,0,15.6,35.6,314,21.21,5.12,5.625,4.94140625,5.8203125,4.142578125,632.058,610.848,108.5952,3127.54176
"2013-07-04",5222,5520,29.9,22.5,25.8,33.3,25.9,29,53319.76,46803.79,0,0,0,0,16.1,41.8,196,21.91,4.65,6.43010752688172,5.54838709677419,7.16129032258064,4.71182795698925,729.603,655.109,101.8815,3046.25685
"2013-08-04",4317,6080,26.7,18.3,22.6,26,18.7,22.7,50648.25,46563.87,0,0,0,0,17.7,39.6,322,22.85,5.01,5.32934131736527,4.51097804391218,5.18962075848303,4.56087824351297,594.1,610.095,114.4785,3056.57595
"2013-09-04",1532,8202,28.6,16.3,22.5,29.7,16.1,22.5,46428.42,42837.52,0,0,0,0,11.7,25.2,295,23.49,5.06,5.65217391304348,4.44664031620553,5.8695652173913,4.64229249011858,697.653,671.814,118.8594,3399.37884
"2013-07-05",4785,5772,30.8,22.3,26.6,34.6,25.3,29.7,53273.75,49314.77,0,0,0,0,18.2,42.8,201,27.37,5.86,5.25597269624573,4.53924914675768,5.90443686006826,4.67064846416382,947.002,842.996,160.3882,4939.95656
"2013-08-05",2344,7709,26.4,16.4,21.9,28,16.3,22.1,50527.41,38136.41,0,0,0,0,12.5,23.4,324,21.29,4.45,5.93258426966292,4.92134831460674,6.29213483146067,4.78426966292135,596.12,562.056,94.7405,2501.1492
"2013-09-05",1575,8343,29.2,16.4,23,29.3,16.1,22.3,46282.57,42785.65,0,0,0,0,17.6,43.2,302,20.04,5.11,5.71428571428571,4.50097847358121,5.73385518590998,3.92172211350293,587.172,585.168,102.4044,2990.20848
"2013-07-06",4295,4607,32,22.7,27.5,37.3,26.2,31.1,53224.84,49282.84,0,0,0,0,13,30.6,211,26.08,5.84,5.47945205479452,4.70890410958904,6.38698630136986,4.46575342465753,972.784,834.56,152.3072,4873.8304
"2013-08-06",1547,6835,23.4,19.2,21.5,25.7,20.6,23.2,50404.93,33087.22,1.6,1.6,0,5,12.1,35.6,153,13.35,2.65,8.83018867924528,8.11320754716981,9.69811320754717,5.0377358490566,343.095,312.39,35.3775,827.8335
"2013-09-06",1814,8327,25,15.7,20.4,25.6,13.4,19.4,46136.95,42733.73,0,0,0,0,12.4,28.8,34,23.42,4.76,5.25210084033613,4.28571428571429,5.3781512605042,4.92016806722689,599.552,585.5,111.4792,2786.98
"2013-07-07",2490,4381,31.9,23.2,27.4,36.9,25.9,30.8,53173.05,49250.23,0.5,0.5,0,3,18,41,228,25.59,5.78,5.51903114186851,4.74048442906574,6.3840830449827,4.42733564013841,944.271,816.321,147.9102,4718.33538
"2013-08-07",1931,7788,28.3,19.5,23.1,31.5,22.1,26.1,50280.95,26672.97,4.1,4.1,0,7,13,39.6,153,13.51,2.78,10.1798561151079,8.30935251798561,11.3309352517986,4.85971223021583,425.565,382.333,37.5578,1062.88574
"2013-09-07",3211,6907,27.8,16.2,21.8,28.8,16.7,22.1,45991.33,42681.75,0,0,0,0,10.4,23.8,206,22.25,4.57,6.08315098468271,4.77024070021882,6.3019693654267,4.86870897155361,640.8,618.55,101.6825,2826.7735
"2013-07-08",1323,6747,30,22.2,25.8,33.2,26.1,29.2,53118.45,48130.71,2.3,2.3,0,2,10.4,31,245,23.58,4.87,6.16016427104723,5.29774127310062,6.81724845995893,4.84188911704312,782.856,707.4,114.8346,3445.038
"2013-08-08",1538,7330,30.8,22.1,25.5,35.1,24.6,28.7,50155.59,35731.92,0.9,0.9,0,3,14,44.3,187,20.16,4.4,7,5.79545454545454,7.97727272727273,4.58181818181818,707.616,620.928,88.704,2732.0832
"2013-09-08",3033,6367,31.8,17.9,24.3,33,18.9,25.1,45844.76,41931.73,0,0,0,0,13.5,36.7,326,18.96,4.67,6.80942184154176,5.203426124197,7.06638115631692,4.05995717344754,625.68,602.928,88.5432,2815.67376
"2013-07-09",1197,7568,30.1,21.7,25.7,34,24.7,29.3,53060.89,34308.1,0.5,0.5,0,2,11.8,31.3,225,15.99,3.54,8.50282485875706,7.25988700564972,9.6045197740113,4.51694915254237,543.66,481.299,56.6046,1703.79846
"2013-08-09",2152,7309,30.2,23.1,26.2,33.5,26.5,30,50028.96,28814.02,8,8,0,5,15.8,47.9,225,14.62,3.23,9.34984520123839,8.11145510835913,10.3715170278638,4.52631578947368,489.77,441.524,47.2226,1426.12252
"2013-09-09",1381,7675,26,18.5,22.3,27.1,16.5,22,45697.27,38226.56,0,0,0,0,14.3,27,91,15.24,4,6.5,5.575,6.775,3.81,413.004,396.24,60.96,1584.96
"2013-07-10",1116,6997,30.9,23.9,27.1,34.8,28,31,52999.91,41387.44,0.1,0.1,0,1,13.6,33.5,212,19.03,4.34,7.11981566820277,6.24423963133641,8.0184331797235,4.38479262672811,662.244,588.027,82.5902,2552.03718
"2013-08-10",4129,5918,28.5,23.2,25.5,30.7,26.6,28.2,49901.18,38011.74,0.2,0.2,0,1,10.9,22.3,312,16.52,3.52,8.09659090909091,7.24431818181818,8.72159090909091,4.69318181818182,507.164,470.82,58.1504,1657.2864
"2013-09-10",1435,7995,33.5,20.7,26.5,37.2,23.1,29.1,45548.95,42434.7,0,0,0,0,11.6,28.1,203,20.37,4.79,6.9937369519833,5.53235908141962,7.76617954070981,4.25260960334029,757.764,682.395,97.5723,3268.67205
"2013-07-11",1385,7485,28.7,22.2,25.2,33.2,25.9,28.9,52935.54,28620.5,7.6,7.6,0,10,12.9,26.3,230,14.8,3.18,9.0251572327044,7.92452830188679,10.440251572327,4.65408805031447,491.36,424.76,47.064,1350.7368
"2013-08-11",3875,5610,29.6,21.6,25.1,32,25.1,28.2,49772.37,43005.11,0.5,0.5,0,1,9.1,27.7,169,19.11,4.01,7.38154613466334,6.25935162094763,7.98004987531172,4.76558603491272,611.52,565.656,76.6311,2268.28056
"2013-09-11",1271,7904,34.4,22,28.2,38.8,25.5,31.5,45399.89,42287.51,0.1,0.1,0,1,12.1,30.6,200,18.67,4.66,7.38197424892704,6.05150214592275,8.32618025751073,4.00643776824034,724.396,642.248,87.0022,2992.87568
"2013-07-12",1006,4719,23,19.5,21.4,26.2,20.4,23.6,52867.93,0,15.3,15.3,0,13,14.5,28.1,12,4.53,1.13,20.353982300885,18.9380530973451,23.1858407079646,4.00884955752212,118.686,104.19,5.1189,117.7347
"2013-08-12",2154,7327,32,20.9,26.2,36.5,24.4,29.8,49642.64,43200,0,0,0,0,9.4,23.8,186,22.89,4.8,6.66666666666667,5.45833333333333,7.60416666666667,4.76875,835.485,732.48,109.872,3515.904
"2013-09-12",946,6035,33.4,22.8,27.2,37.1,25.9,30.6,45250.21,41672.49,5.3,5.3,0,11,12.2,34.2,217,17.92,4.17,8.00959232613909,6.52278177458034,8.8968824940048,4.29736211031175,664.832,598.528,74.7264,2495.86176
"2013-07-13",3223,6055,27.8,20.2,24.1,32,23.2,27.5,52797.16,45540.77,0.3,0.3,0,2,10.6,29.9,139,17.69,3.57,7.78711484593838,6.75070028011205,8.96358543417367,4.95518207282913,566.08,491.782,63.1533,1755.66174
"2013-08-13",1590,6713,29.6,23,25.8,34.1,26.8,29.4,49512.09,29243.4,8,8,0,9,11.6,43.9,246,17.95,3.74,7.9144385026738,6.89839572192513,9.11764705882353,4.79946524064171,612.095,531.32,67.133,1987.1368
"2013-09-13",1589,8342,26.6,19.5,22.6,26,17.2,21.9,45099.99,41990.77,1.1,1.1,0,2,18.1,41.8,315,18.87,4.78,5.56485355648536,4.72803347280335,5.43933054393305,3.94769874476987,490.62,501.942,90.1986,2399.28276
"2013-07-14",2797,5593,30.7,22,26.4,35.2,25.9,30.6,52723.39,48950.27,0,0,0,0,9.7,22.7,165,23.38,4.88,6.29098360655738,5.40983606557377,7.21311475409836,4.79098360655738,822.976,717.766,114.0944,3502.69808
"2013-08-14",1997,8394,24.4,16.8,20.9,24.4,14.3,19,49380.85,45584.57,0,0,0,0,19.8,45,323,25.94,5.82,4.19243986254295,3.59106529209622,4.19243986254295,4.45704467353952,632.936,632.936,150.9708,3683.68752
"2013-09-14",3943,7188,22.3,15.2,18.3,20.2,13,16.2,44949.32,41418.42,0,0,0,0,15,31,326,18.28,4.08,5.4656862745098,4.48529411764706,4.95098039215686,4.48039215686275,369.256,407.644,74.5824,1663.18752
"2013-07-15",1343,6690,33.4,21.7,27.8,38.3,25.6,32.1,52646.71,48954.46,0,0,0,0,8.3,19.4,262,25.25,5.46,6.11721611721612,5.09157509157509,7.01465201465201,4.62454212454212,967.075,843.35,137.865,4604.691
"2013-08-15",2191,8438,25.6,13.9,20,27.2,12.9,19.6,49249.01,45445.24,0,0,0,0,11.7,22,9,26.72,5.08,5.03937007874016,3.93700787401575,5.35433070866142,5.25984251968504,726.784,684.032,135.7376,3474.88256
"2013-09-15",3201,6547,25.2,13.8,19.2,24.6,13.5,18.4,44798.29,41637.11,0,0,0,0,10.3,24.8,198,20.85,4.21,5.98574821852732,4.56057007125891,5.84323040380048,4.95249406175772,512.91,525.42,87.7785,2212.0182
"2013-07-16",1304,7098,34.7,24.9,29.4,39.3,27.3,33.2,52567.25,48912.64,0,0,0,0,12.3,31.3,344,24.59,5.89,5.89134125636672,4.99151103565365,6.6723259762309,4.1748726655348,966.387,853.273,144.8351,5025.77797
"2013-08-16",2794,7969,26.3,16.3,20.9,27.8,16.9,21.5,49116.68,44563.05,0,0,0,0,9.4,27.7,120,23.27,4.57,5.75492341356674,4.57330415754923,6.08315098468271,5.09190371991247,646.906,612.001,106.3439,2796.84457
"2013-09-16",1084,7184,22.4,16,19.2,21.2,16.4,18.5,44647.01,22956.92,0.3,0.3,0,2,13.2,30.2,318,8.04,2.29,9.78165938864629,8.38427947598253,9.25764192139738,3.51091703056769,170.448,180.096,18.4116,412.41984
"2013-07-17",1341,7292,34.8,23.4,29,39,26.6,33.1,52485.11,46507.39,0,0,0,0,8.6,22.3,355,23.6,5.42,6.42066420664207,5.35055350553506,7.19557195571956,4.35424354243542,920.4,821.28,127.912,4451.3376
"2013-08-17",4739,6303,25.9,15.1,21.2,26.3,15.5,21.5,48983.95,28800,0,0,0,0,13,35.3,77,16.87,3.8,6.81578947368421,5.57894736842105,6.92105263157895,4.43947368421053,443.681,436.933,64.106,1660.3454
"2013-09-17",1269,8567,20.3,12.3,16.3,18.9,9,13.8,44495.55,41390.31,0,0,0,0,15.3,32.4,45,22.17,4.37,4.64530892448513,3.72997711670481,4.32494279176201,5.07322654462243,419.013,450.051,96.8829,1966.72287
"2013-07-18",1121,6704,35.4,24.3,29.4,42.5,29.1,35,52400.43,44061.14,2.2,2.2,0,3,9.7,20.5,243,23.68,5.25,6.74285714285714,5.6,8.09523809523809,4.51047619047619,1006.4,838.272,124.32,4400.928
"2013-08-18",1749,4004,20.8,17.7,19.3,23,18.7,20.9,48850.62,0,8.9,8.9,0,9,10.1,23.8,10,4.74,1.06,19.622641509434,18.2075471698113,21.6981132075472,4.47169811320755,109.02,98.592,5.0244,104.50752
"2013-09-18",1298,8654,21.8,10.8,16.3,21.8,9.6,15.4,44344.02,41239.27,0,0,0,0,9.2,21.6,140,21.39,3.77,5.78249336870027,4.3236074270557,5.78249336870027,5.6737400530504,466.302,466.302,80.6403,1757.95854
"2013-07-19",1512,6466,36.1,24.4,29.4,41.7,29.3,34.4,52313.3,44238.4,2.6,2.6,0,3,14.3,34.6,225,24.66,5.68,6.3556338028169,5.17605633802817,7.34154929577465,4.34154929577465,1028.322,890.226,140.0688,5056.48368
"2013-08-19",1847,7121,24.4,16.3,20.2,26.2,17.6,21.9,48715.75,14438.7,0.1,0.1,0,1,8.4,22.7,210,12.88,2.51,9.72111553784861,8.04780876494024,10.4382470119522,5.13147410358566,337.456,314.272,32.3288,788.82272
"2013-09-19",1637,8723,25.9,11.6,18.5,26.8,11,18.3,44192.5,41088.04,0,0,0,0,9.7,22.3,187,19.04,3.63,7.13498622589532,5.09641873278237,7.38292011019284,5.24517906336088,510.272,493.136,69.1152,1790.08368
"2013-07-20",3129,5494,34.3,25.1,28.4,39.3,29.2,32.9,52223.84,40901.61,2.5,2.5,0,2,15.8,40.7,234,23.22,5.26,6.52091254752852,5.39923954372624,7.47148288973384,4.41444866920152,912.546,796.446,122.1372,4189.30596
"2013-08-20",1725,7854,30,17.8,23.8,33.7,19.8,26.7,48579.38,44498.04,0,0,0,0,8,24.5,243,20.43,4.14,7.2463768115942,5.7487922705314,8.14009661835749,4.93478260869565,688.491,612.9,84.5802,2537.406
"2013-09-20",1909,8636,26.7,13.8,20,27.9,14.3,20.4,44041.07,40936.69,0,0,0,0,11.6,28.8,167,17.84,3.63,7.35537190082645,5.50964187327824,7.68595041322314,4.91460055096419,497.736,476.328,64.7592,1729.07064
"2013-07-21",3132,5332,33.1,23.8,26.9,38.8,28,32,52132.18,31552.57,14,14,0,9,8.1,24.5,271,20.29,4.24,7.80660377358491,6.34433962264151,9.15094339622641,4.78537735849057,787.252,671.599,86.0296,2847.57976
"2013-08-21",1647,7493,30.9,20,25,35.1,23,28.6,48441.63,36064.5,3.2,3.2,0,3,12.1,27.7,202,18.99,3.98,7.76381909547739,6.28140703517588,8.81909547738693,4.7713567839196,666.549,586.791,75.5802,2335.42818
"2013-09-21",2149,4691,24.7,17.1,20.2,23.6,17.6,20.8,43889.83,20404.99,18.1,18.1,0,9,23.1,48.2,178,9.32,2.21,11.1764705882353,9.14027149321267,10.6787330316742,4.21719457013575,219.952,230.204,20.5972,508.75084
"2013-07-22",1578,7100,30.8,23.6,25.9,36.8,28.7,31.2,52038.4,35286.2,13.6,13.6,0,12,10.2,31,166,17.51,3.57,8.62745098039216,7.25490196078431,10.3081232492997,4.90476190476191,644.368,539.308,62.5107,1925.32956
"2013-08-22",1862,7681,31.5,21.5,25.4,35.1,24.9,28.9,48302.61,42991.02,2.4,2.4,0,2,10.9,31,254,20.78,4.35,7.24137931034483,5.83908045977012,8.06896551724138,4.77701149425287,729.378,654.57,90.393,2847.3795
"2013-09-22",2749,6590,22.6,14.4,18.5,21.9,14.2,17.5,43738.87,33684.76,1.7,1.7,0,1,13.9,34.9,332,17.13,3.5,6.45714285714286,5.28571428571429,6.25714285714286,4.89428571428571,375.147,387.138,59.955,1354.983
"2013-07-23",1513,7721,30.2,23,26.3,34.3,27.6,30.1,51942.63,46933.84,1,1,0,3,16.2,38.9,277,21.18,4.55,6.63736263736264,5.78021978021978,7.53846153846154,4.65494505494506,726.474,639.636,96.369,2910.3438
"2013-08-23",1158,6467,24.7,19.2,22.9,25.9,19.9,24.3,48162.43,12535.01,0.9,0.9,0,4,12,28.8,352,8.16,2.22,11.1261261261261,10.3153153153153,11.6666666666667,3.67567567567568,211.344,201.552,18.1152,447.44544
"2013-09-23",1272,7709,19.6,12.3,15.7,18.3,10.6,13.7,43588.29,39889.77,0,0,0,0,12.3,29.9,341,19.68,3.66,5.3551912568306,4.2896174863388,5,5.37704918032787,360.144,385.728,72.0288,1411.76448
"2013-07-24",1707,8053,29.2,22.5,25.7,32.1,23.3,27.7,51844.98,47547.54,0.1,0.1,0,1,11.5,27.7,321,20.85,4.75,6.14736842105263,5.41052631578947,6.75789473684211,4.38947368421053,669.285,608.82,99.0375,2891.895
"2013-08-24",3782,7062,27.5,15.9,21.5,28.4,15.1,21.8,48021.21,44288.99,0,0,0,0,11.1,28.4,44,24.05,4.93,5.57809330628803,4.36105476673428,5.7606490872211,4.87829614604463,683.02,661.375,118.5665,3260.57875
"2013-09-24",1144,8345,22.6,8.1,15.2,21.3,6.2,13.8,43438.15,40332.07,0,0,0,0,8.2,23.4,326,20.77,3.52,6.42045454545455,4.31818181818182,6.05113636363636,5.90056818181818,442.401,469.402,73.1104,1652.29504
"2013-07-25",1908,8197,26.6,18.3,22.5,28.2,17.1,22.8,51745.55,47737.65,0,0,0,0,14.1,29.2,25,22.95,5.03,5.2882703777336,4.47316103379722,5.60636182902584,4.56262425447316,647.19,610.47,115.4385,3070.6641
"2013-08-25",3327,6154,27.2,16.7,21.8,28.5,18,22.6,47879.05,43443.82,0,0,0,0,12.2,24.5,152,24.06,4.91,5.53971486761711,4.43991853360489,5.80448065173116,4.90020366598778,685.71,654.432,118.1346,3213.26112
"2013-09-25",1169,8355,24.2,9.9,16.4,23.1,8,15.1,43288.56,36568.93,0,0,0,0,11.2,19.8,43,17.77,3.32,7.28915662650602,4.93975903614458,6.95783132530121,5.35240963855422,410.487,430.034,58.9964,1427.71288
"2013-07-26",2243,8019,28.2,18.2,23.2,30.9,19.3,24.8,51644.43,46848.32,0,0,0,0,9.1,22.7,300,24.71,4.88,5.77868852459016,4.75409836065574,6.33196721311475,5.06352459016393,763.539,696.822,120.5848,3400.49136
"2013-08-26",1687,7582,30.6,16,23.6,32.2,16.3,24.1,47736.07,43739.69,0,0,0,0,12.7,29.5,234,23.45,5.37,5.69832402234637,4.39478584729981,5.99627560521415,4.36685288640596,755.09,717.57,125.9265,3853.3509
"2013-09-26",1293,8495,23.2,11.9,17.8,22.7,11.4,17.1,43139.61,39057.69,0,0,0,0,9.7,26.3,65,17.99,3.4,6.82352941176471,5.23529411764706,6.67647058823529,5.29117647058824,408.373,417.368,61.166,1419.0512
"2013-07-27",3173,5210,29.1,18.6,23.7,31.6,20.2,25.5,51541.75,40084.48,1.7,1.7,0,5,14.1,36,177,20.26,4.4,6.61363636363636,5.38636363636364,7.18181818181818,4.60454545454545,640.216,589.566,89.144,2594.0904
"2013-08-27",1538,7968,32,21.5,25.9,35.4,22.7,28.4,47592.36,38444.61,1.6,1.6,0,4,15.3,37.4,288,17.6,4.21,7.60095011876485,6.1520190023753,8.40855106888361,4.18052256532067,623.04,563.2,74.096,2371.072
"2013-09-27",1634,8224,21.2,14.1,17.9,21.3,14,17.8,42991.04,32609.71,0.4,0.4,0,3,9.5,22.7,99,10.4,2.09,10.1435406698565,8.56459330143541,10.1913875598086,4.97607655502392,221.52,220.48,21.736,460.8032
"2013-07-28",2862,5276,29.6,21.5,24.3,33.3,23.9,27.3,51437.59,37141.55,5.8,5.8,0,5,11.7,31.7,187,17.96,3.7,8,6.56756756756757,9,4.85405405405405,598.068,531.616,66.452,1966.9792
"2013-08-28",993,6643,26.1,22.5,24,30.2,26.2,28.1,47448.02,4289.34,14,14,0,17,9.8,29.2,268,7.83,1.67,15.6287425149701,14.3712574850299,18.0838323353293,4.68862275449102,236.466,204.363,13.0761,341.28621
"2013-09-28",3502,6555,20.8,13.4,17.2,19.8,13.5,16.5,42841.88,32142.82,0,0,0,0,14.8,34.9,68,11.7,2.36,8.8135593220339,7.28813559322034,8.38983050847458,4.95762711864407,231.66,243.36,27.612,574.3296
"2013-07-29",1915,7328,28.4,18.3,23.3,29.8,18.7,24.2,51331.77,47604.56,0.2,0.2,0,1,13.7,29.2,301,25.93,5.34,5.31835205992509,4.36329588014981,5.58052434456929,4.85580524344569,772.714,736.412,138.4662,3932.44008
"2013-08-29",1646,7697,29,21.8,24.6,32.7,25,27.6,47303.16,41182.66,0.4,0.4,0,3,15.2,33.8,55,18.66,3.81,7.61154855643045,6.45669291338583,8.58267716535433,4.89763779527559,610.182,541.14,71.0946,2061.7434
"2013-09-29",3080,6171,22.7,11.1,17.1,21.8,10.5,16.6,42692.13,38816,0.2,0.2,0,2,10.5,25.2,80,14.03,2.66,8.53383458646617,6.42857142857143,8.19548872180451,5.27443609022556,305.854,318.481,37.3198,847.15946
"2013-07-30",1955,7923,28.1,16.6,22.6,28.5,16.8,23.4,51223.46,30499.82,0,0,0,0,8.5,21.2,298,19.41,4.09,6.87041564792176,5.52567237163814,6.96821515892421,4.74572127139364,553.185,545.421,79.3869,2230.77189
"2013-08-30",2306,7355,29.6,19.4,24.5,31.5,21.9,26.9,47157.88,43182.34,0,0,0,0,13.7,31.7,193,18.58,4.13,7.16707021791768,5.93220338983051,7.6271186440678,4.49878934624697,585.27,549.968,76.7354,2271.36784
"2013-09-30",1338,7694,23.9,13.4,18.2,24.2,13.4,18.1,42541.9,38246.86,0,0,0,0,10.2,18.7,155,15.87,2.99,7.9933110367893,6.08695652173913,8.09364548494983,5.30769230769231,384.054,379.293,47.4513,1134.08607
"2013-07-31",1468,7234,27,19.4,23.5,27.6,21.4,25.2,51112.73,24968.59,0,0,0,0,12.1,29.9,179,15.12,3.47,7.78097982708934,6.77233429394813,7.95389048991354,4.35734870317003,417.312,408.24,52.4664,1416.5928
"2013-08-31",4365,5038,31.3,21.8,26.4,35.1,23.9,28.8,47012.26,35200.75,0,0,0,0,13.9,31.3,201,18.41,4.52,6.92477876106195,5.84070796460177,7.76548672566372,4.07300884955752,646.191,576.233,83.2132,2604.57316
"2013-10-01",1339,8916,27.4,13.3,19.7,26.7,12.9,19.6,42391.28,37054.86,0,0,0,0,9.3,25.9,269,13.33,2.97,9.22558922558922,6.63299663299663,8.98989898989899,4.48821548821549,355.911,365.242,39.5901,1084.76874
"2013-11-01",921,7125,24.3,16.1,20.4,24.3,16.7,20.1,37901.54,23999,3.7,3.7,0,4,27.5,65.2,205,8.67,2.5,9.72,8.16,9.72,3.468,210.681,210.681,21.675,526.7025
"2013-12-01",662,3008,7.5,-2.9,1.7,4.8,-6.4,-1.5,34707.15,30586.61,0,0,0,0,8.6,16.9,169,9.37,1.02,7.35294117647059,1.66666666666667,4.70588235294118,9.18627450980392,44.976,70.275,9.5574,71.6805
"2013-10-02",1289,8960,29.8,15.2,22.1,30,15.3,22.2,42240.38,38697.44,0,0,0,0,11.4,29.9,280,18.11,4.04,7.37623762376238,5.47029702970297,7.42574257425743,4.48267326732673,543.3,539.678,73.1644,2180.29912
"2013-11-02",2866,6507,19.1,11.1,15,17.2,8.4,13.1,37769.16,33617.21,0,0,0,0,13.5,33.5,311,11.04,2.41,7.9253112033195,6.22406639004149,7.13692946058091,4.58091286307054,189.888,210.864,26.6064,508.18224
"2013-12-02",284,6030,10.3,0.4,4.5,7.9,-2.8,1.7,34637.83,29306.45,0,0,0,0,8.6,19.1,96,7.77,0.97,10.6185567010309,4.63917525773196,8.14432989690722,8.01030927835052,61.383,80.031,7.5369,77.63007
"2013-10-03",1248,8811,28.6,15.8,22.4,30.1,16.4,23.5,42089.28,28017.38,0,0,0,0,8.7,17.6,218,12.52,2.84,10.0704225352113,7.88732394366197,10.5985915492958,4.40845070422535,376.852,358.072,35.5568,1016.92448
"2013-11-03",2115,5537,13.3,5.8,10,8.8,1.7,6.2,37638.59,34320.2,0,0,0,0,17.9,44.3,332,12.91,2.36,5.63559322033898,4.23728813559322,3.72881355932203,5.47033898305085,113.608,171.703,30.4676,405.21908
"2013-12-03",416,7032,12.9,0.9,6,10.9,-2,3.7,34571.34,29422.64,0,0,0,0,7.4,20.2,125,9.44,1.2,10.75,5,9.08333333333333,7.86666666666667,102.896,121.776,11.328,146.1312
"2013-10-04",1667,8491,30.7,17.1,23.9,32.5,18.9,25.9,41938.1,37734.55,0,0,0,0,7.3,24.1,233,16.23,3.38,9.08284023668639,7.07100591715976,9.61538461538461,4.80177514792899,527.475,498.261,54.8574,1684.12218
"2013-11-04",554,6300,8.1,1.4,5,4.4,-2.7,0.9,37510,32180.57,0,0,0,0,14.5,29.2,40,11.65,1.87,4.33155080213904,2.67379679144385,2.35294117647059,6.22994652406417,51.26,94.365,21.7855,176.46255
"2013-12-04",437,7114,13.4,2.5,7.4,12.2,-0.2,5.5,34507.8,24884.53,0,0,0,0,9.3,18.7,131,6.28,0.87,15.4022988505747,8.50574712643678,14.0229885057471,7.2183908045977,76.616,84.152,5.4636,73.21224
"2013-10-05",3401,7055,31,19.2,24.6,33.7,20.6,26.5,41786.93,37238.76,0,0,0,0,8.2,22.7,221,14.72,3.29,9.42249240121581,7.47720364741641,10.2431610942249,4.4741641337386,496.064,456.32,48.4288,1501.2928
"2013-11-05",670,7482,14.4,2.5,8.8,12.5,-0.4,6.6,37383.55,30550.14,0,0,0,0,8.1,24.1,79,10.29,1.51,9.5364238410596,5.82781456953642,8.27814569536424,6.81456953642384,128.625,148.176,15.5379,223.74576
"2013-12-05",582,7560,18.9,9.5,14,18.2,8.2,13.3,34447.31,4569.21,0,0,0,0,19.2,40,195,4.29,0.74,25.5405405405405,18.9189189189189,24.5945945945946,5.7972972972973,78.078,81.081,3.1746,59.99994
"2013-10-06",2992,6658,31.2,19.2,24.7,32.3,21.5,26.1,41635.88,36455.86,0,0,0,0,17.1,40.7,168,15.31,3.99,7.81954887218045,6.19047619047619,8.09523809523809,3.83709273182957,494.513,477.672,61.0869,1905.91128
"2013-11-06",797,7982,19.1,10.6,13.8,17.3,9.2,12.2,37258.98,33271.57,0,0,0,0,14.1,32.8,170,10.81,1.88,10.1595744680851,7.34042553191489,9.20212765957447,5.75,187.013,206.471,20.3228,388.16548
"2013-12-06",145,2799,17.1,5.1,10.5,17.5,1.9,8.5,34389.98,0,17.6,17.6,0,18,20.1,44.3,324,1.17,0.37,46.2162162162162,28.3783783783784,47.2972972972973,3.16216216216216,20.475,20.007,0.4329,7.40259
"2013-10-07",420,5377,25,15.5,20.6,26.8,13,20.8,41485.04,0,12.6,12.6,0,5,21.8,76,208,4.32,1.73,14.4508670520231,11.9075144508671,15.4913294797688,2.4971098265896,115.776,108,7.4736,186.84
"2013-11-07",485,7489,14.8,9.5,12.6,14.1,4.5,10.2,37135.15,11437.76,3.2,3.2,0,6,21.4,43.9,266,2.83,1.03,14.368932038835,12.2330097087379,13.6893203883495,2.74757281553398,39.903,41.884,2.9149,43.14052
"2013-12-07",593,4285,6.4,1.1,3.7,1.6,-3.8,-0.6,34335.91,29188.07,5,5,0,5,16.4,38.2,339,9.12,1.25,5.12,2.96,1.28,7.296,14.592,58.368,11.4,72.96
"2013-10-08",1278,8551,20.6,11.9,15.9,18.2,9.8,13.5,41334.54,30328.88,0,0,0,0,15.6,36.4,12,15.19,3.36,6.13095238095238,4.73214285714286,5.41666666666667,4.52083333333333,276.458,312.914,51.0384,1051.39104
"2013-11-08",727,6781,10.5,2.6,6.9,4.6,-1.3,2.2,37012.09,33649.11,0,0,0,0,22.9,51.1,300,11.22,2.3,4.56521739130435,3,2,4.87826086956522,51.612,117.81,25.806,270.963
"2013-12-08",88,1269,0.6,-1.6,-0.7,-3.5,-6.6,-5,34285.22,0,13.1,6.7,4.48,15,12.6,30.2,30,1.65,0.6,1,-1.16666666666667,-5.83333333333333,2.75,-5.775,0.99,0.99,0.594
"2013-10-09",757,5603,16.1,12,14.1,14.1,9.9,12.1,41184.44,0,14.3,14.3,0,9,17.6,39.2,32,4.07,1.39,11.5827338129496,10.1438848920863,10.1438848920863,2.92805755395683,57.387,65.527,5.6573,91.08253
"2013-11-09",2191,5350,12,1.6,6.7,7.4,-1.9,2.9,36889.91,33236.25,0,0,0,0,17.1,34.2,215,12.48,2.16,5.55555555555556,3.10185185185185,3.42592592592593,5.77777777777778,92.352,149.76,26.9568,323.4816
"2013-12-09",67,3379,3.7,-0.3,1.2,1.4,-3.2,-1.4,34238,1260.25,16.6,16.6,0,11,6.8,42.1,279,1.88,0.25,14.8,4.8,5.6,7.52,2.632,6.956,0.47,1.739
"2013-10-10",180,2311,13.7,11.7,12.8,12.2,9.5,10.9,41034.88,0,27.2,27.2,0,20,19,42.5,10,2.26,0.53,25.8490566037736,24.1509433962264,23.0188679245283,4.26415094339623,27.572,30.962,1.1978,16.40986
"2013-11-10",2067,5110,15.1,5.1,9.3,9.7,1.3,4.9,36768.77,32496.5,0,0,0,0,26.7,55.1,268,9.03,2.51,6.01593625498008,3.70517928286853,3.86454183266932,3.59760956175299,87.591,136.353,22.6653,342.24603
"2013-12-10",99,2597,2.2,-5.2,-0.5,-2.2,-9.9,-4.3,34194.37,8949.54,10.6,0,7.42,8,14.2,35.6,307,3.34,0.43,5.11627906976744,-1.16279069767442,-5.11627906976744,7.76744186046512,-7.348,7.348,1.4362,3.15964
"2013-10-11",117,1658,16.8,14,15.6,16.7,12.8,15.3,40885.95,0,36.2,36.2,0,21,17.3,38.2,15,1.46,0.33,50.9090909090909,47.2727272727273,50.6060606060606,4.42424242424242,24.382,24.528,0.4818,8.09424
"2013-11-11",972,6216,13.2,1.7,8,9.1,-1.6,4.1,36648.81,33257.74,0,0,0,0,16,32.4,235,12.1,2.32,5.68965517241379,3.44827586206897,3.92241379310345,5.21551724137931,110.11,159.72,28.072,370.5504
"2013-12-11",224,5246,2.7,-5.8,-1.5,-1.4,-10.5,-5.7,34154.43,29969.05,0,0,0,0,12.7,24.8,261,10.09,1.01,2.67326732673267,-1.48514851485149,-1.38613861386139,9.99009900990099,-14.126,27.243,10.1909,27.51543
"2013-10-12",1299,3892,18.1,16.6,17.1,17.9,16.3,16.9,40737.77,0,5.1,5.1,0,17,16.3,38.5,41,3.07,0.81,22.3456790123457,21.1111111111111,22.0987654320988,3.79012345679012,54.953,55.567,2.4867,45.00927
"2013-11-12",262,5850,9.5,1.8,5.5,5.2,-3.6,0.5,36530.16,634.6,0.2,0.2,0,1,21.5,45,325,3.92,1.83,5.19125683060109,3.00546448087432,2.84153005464481,2.14207650273224,20.384,37.24,7.1736,68.1492
"2013-12-12",158,4926,-1,-7.2,-3.6,-5.1,-12.5,-8.5,34118.27,29109.11,0,0,0,0,16.1,36.7,307,9.6,0.96,-1.04166666666667,-3.75,-5.3125,10,-48.96,-9.6,9.216,-9.216
"2013-10-13",1523,4415,17.5,14.9,16.4,16.7,13.7,15.7,40590.43,1166.06,1.1,1.1,0,5,16.6,41.4,54,3.82,0.98,17.8571428571429,16.734693877551,17.0408163265306,3.89795918367347,63.794,66.85,3.7436,65.513
"2013-11-13",280,6186,5.8,-0.8,1.8,0.5,-5.8,-3.2,36412.98,33002.86,0,0,0,0,19.2,44.3,310,11.26,1.72,3.37209302325581,1.04651162790698,0.290697674418605,6.54651162790698,5.63,65.308,19.3672,112.32976
"2013-12-13",246,5378,3.5,-7.6,-1.9,-0.6,-12.6,-6.4,34086.01,29381.14,0,0,0,0,12.3,28.1,242,9.6,1.15,3.04347826086957,-1.65217391304348,-0.521739130434783,8.34782608695652,-5.76,33.6,11.04,38.64
"2013-10-14",1830,6988,19.8,11.6,15.4,19.4,10.5,14.7,40444.06,36251.23,0,0,0,0,10.8,22.7,52,14.47,2.38,8.31932773109244,6.47058823529412,8.15126050420168,6.07983193277311,280.718,286.506,34.4386,681.88428
"2013-11-14",378,6895,12,-2.4,3.5,8.1,-6.6,-0.4,36297.4,32877.72,0,0,0,0,10,21.6,223,12.22,1.78,6.74157303370786,1.96629213483146,4.55056179775281,6.86516853932584,98.982,146.64,21.7516,261.0192
"2013-12-14",253,2541,3.5,-0.8,1.5,0.3,-4.4,-2.1,34057.75,0,16.6,14.6,1.47,15,14.2,38.2,67,2.23,0.34,10.2941176470588,4.41176470588235,0.88235294117647,6.55882352941176,0.669,7.805,0.7582,2.6537
"2013-10-15",1031,8241,21,10.3,15.5,20.3,9.4,14.9,40298.77,36327.98,0,0,0,0,8.5,22.7,62,15.89,2.67,7.86516853932584,5.80524344569288,7.60299625468165,5.95131086142322,322.567,333.69,42.4263,890.9523
"2013-11-15",782,6889,14.4,-0.7,5.9,11.4,-4.3,2.6,36183.59,31717.52,0,0,0,0,10.3,17.3,199,10.09,1.57,9.17197452229299,3.75796178343949,7.26114649681529,6.42675159235669,115.026,145.296,15.8413,228.11472
"2013-12-15",539,3762,6.1,-3.4,2.4,1.2,-7.7,-1.7,34033.59,25554.92,0.4,0.4,0,1,23.4,54,291,8.54,0.97,6.28865979381443,2.47422680412371,1.23711340206186,8.80412371134021,10.248,52.094,8.2838,50.53118
"2013-10-16",1113,8516,20.7,15.1,17.6,21.6,15.5,18.4,40154.66,10855.34,0,0,0,0,10.7,19.8,144,5.52,1.18,17.5423728813559,14.9152542372881,18.3050847457627,4.67796610169492,119.232,114.264,6.5136,134.83152
"2013-11-16",1529,5275,15.4,6.4,10,14.5,4.6,8.5,36071.68,21652.27,5.2,5.2,0,5,9.7,21.2,120,8.22,1.21,12.7272727272727,8.26446280991736,11.9834710743802,6.79338842975207,119.19,126.588,9.9462,153.17148
"2013-12-16",239,5373,2.6,-5.6,-2.2,-1,-10.5,-6.4,34013.52,22392.07,0,0,0,0,12.6,28.1,327,7.85,0.81,3.20987654320988,-2.71604938271605,-1.23456790123457,9.69135802469136,-7.85,20.41,6.3585,16.5321
"2013-10-17",1049,8419,23.9,15.1,19,24.7,15.9,19.9,40011.48,33664.44,1,1,0,2,17.9,34.6,194,10.53,2.17,11.0138248847926,8.75576036866359,11.3824884792627,4.85253456221198,260.091,251.667,22.8501,546.11739
"2013-11-17",1446,5499,19.1,10.8,14.3,17.5,9.6,13.3,35961.84,21600,0.6,0.6,0,1,18.7,42.8,172,6.4,1.24,15.4032258064516,11.5322580645161,14.1129032258065,5.16129032258065,112,122.24,7.936,151.5776
"2013-12-17",202,5148,6.1,-1.8,1.5,3.4,-5.6,-1.7,33997.25,14830.88,0.7,0.4,0.42,5,11.6,23.8,94,5.21,0.6,10.1666666666667,2.5,5.66666666666667,8.68333333333333,17.714,31.781,3.126,19.0686
"2013-10-18",1870,8386,18.5,11.6,15.2,16.5,9,13.1,39868.14,36157.18,0,0,0,0,23.4,48.2,291,16.03,2.99,6.18729096989967,5.08361204013378,5.51839464882943,5.36120401337793,264.495,296.555,47.9297,886.69945
"2013-11-18",707,7546,19.8,11,15.9,16.6,6.2,12.9,35854.22,32396.42,1.3,1.3,0,4,23.9,65.9,260,11.67,2.97,6.66666666666667,5.35353535353535,5.58922558922559,3.92929292929293,193.722,231.066,34.6599,686.26602
"2013-12-18",292,5480,3.4,-2.9,0.4,-1.2,-7,-3.6,33984.76,23957.74,0.5,0,0.35,3,17.2,45.7,292,8.45,0.86,3.95348837209302,0.465116279069767,-1.3953488372093,9.82558139534884,-10.14,28.73,7.267,24.7078
"2013-10-19",3190,6119,18.4,10.5,14.5,16.9,9.4,13.6,39724.64,12820.29,0.8,0.8,0,3,13.7,37.4,170,7.63,1.48,12.4324324324324,9.7972972972973,11.4189189189189,5.15540540540541,128.947,140.392,11.2924,207.78016
"2013-11-19",426,7019,10.2,3.7,7.3,5.2,-0.6,2.3,35748.98,32281.82,0,0,0,0,21.7,44.6,324,11.51,2.56,3.984375,2.8515625,2.03125,4.49609375,59.852,117.402,29.4656,300.54912
"2013-12-19",481,6172,11.6,-4.8,2.6,7.8,-9.3,-1.5,33976.02,29654.67,0,0,0,0,14.1,29.2,204,9.42,1.39,8.34532374100719,1.8705035971223,5.61151079136691,6.77697841726619,73.476,109.272,13.0938,151.88808
"2013-10-20",2541,5952,16.5,8.4,12.1,13.6,5.2,9.2,39581.11,35909.11,0,0,0,0,18.3,39.6,292,15.93,2.78,5.93525179856115,4.35251798561151,4.89208633093525,5.73021582733813,216.648,262.845,44.2854,730.7091
"2013-11-20",452,6888,7.6,0.5,3.3,3.1,-3.5,-0.7,35646.29,29221.65,0,0,0,0,12.2,28.4,49,10.3,1.47,5.17006802721088,2.24489795918367,2.10884353741497,7.00680272108844,31.93,78.28,15.141,115.0716
"2013-12-20",580,5931,13.6,4.7,8.8,10.2,0.6,5.2,33971.03,20102.08,0,0,0,0,16.7,33.1,213,6.07,1.48,9.18918918918919,5.94594594594595,6.89189189189189,4.10135135135135,61.914,82.552,8.9836,122.17696
"2013-10-21",1331,7625,18.7,6.3,12.1,15.8,4.2,9.9,39437.68,35764.06,0,0,0,0,13.9,33.5,182,15.57,2.68,6.97761194029851,4.51492537313433,5.8955223880597,5.80970149253731,246.006,291.159,41.7276,780.30612
"2013-11-21",471,7050,10,0.8,5.7,8.1,-2.7,3.1,35546.31,5517.57,0,0,0,0,9.4,17.6,85,4,0.66,15.1515151515152,8.63636363636364,12.2727272727273,6.06060606060606,32.4,40,2.64,26.4
"2013-12-21",1838,4592,19.8,10.2,14.6,17.9,7.2,12.3,33969.76,29388.74,0,0,0,0,20.8,45.4,209,8.55,1.91,10.3664921465969,7.64397905759162,9.3717277486911,4.47643979057592,153.045,169.29,16.3305,323.3439
"2013-10-22",736,8254,17.4,9,13.2,15.5,7,11.2,39294.45,28993.04,0,0,0,0,14.7,32.8,261,9.51,1.89,9.20634920634921,6.98412698412698,8.2010582010582,5.03174603174603,147.405,165.474,17.9739,312.74586
"2013-11-22",719,7427,16.9,5.7,11.3,15.8,3.5,9.6,35449.21,14633.89,4.7,4.7,0,7,15.1,34.9,221,4.83,0.91,18.5714285714286,12.4175824175824,17.3626373626374,5.30769230769231,76.314,81.627,4.3953,74.28057
"2013-12-22",660,2170,22.6,17.2,19.6,23.4,16.2,18.9,33972.2,4408.15,2.5,2.5,0,6,26.1,71.3,209,3.85,1.43,15.8041958041958,13.7062937062937,16.3636363636364,2.69230769230769,90.09,87.01,5.5055,124.4243
"2013-10-23",616,7268,13.7,7.9,10.8,11,3.8,7.9,39151.55,23257.69,1.5,1.5,0,3,15.1,29.9,330,9.27,1.99,6.88442211055276,5.42713567839196,5.52763819095477,4.65829145728643,101.97,126.999,18.4473,252.72801
"2013-11-23",1267,4867,12.6,2.3,7.3,10.4,-4.2,2.4,35355.15,30646.04,0,0,0,0,21.8,48.6,315,11.04,2.25,5.6,3.24444444444444,4.62222222222222,4.90666666666667,114.816,139.104,24.84,312.984
"2013-12-23",159,1843,18.1,5.8,14,19.8,0.5,13.1,33978.31,0,24.4,24.4,0,16,19.8,48.2,299,0.81,0.55,32.9090909090909,25.4545454545455,36,1.47272727272727,16.038,14.661,0.4455,8.06355
"2013-10-24",591,7232,10.8,4.9,7.5,5.1,1,3.1,39009.11,33983.57,0,0,0,0,23.1,51.5,285,12.43,2.37,4.55696202531646,3.16455696202532,2.15189873417722,5.24472573839662,63.393,134.244,29.4591,318.15828
"2013-11-24",370,2823,1.1,-2.8,-1.2,-5.5,-9.9,-8.2,35264.31,31643.7,0,0,0,0,30,69.8,311,9.74,2.13,0.516431924882629,-0.563380281690141,-2.58215962441315,4.57276995305164,-53.57,10.714,20.7462,22.82082
"2013-12-24",276,2069,5.4,-2.2,2.3,-0.2,-8.3,-3.1,33988.09,30126.26,0,0,0,0,21.8,46.4,315,8.3,1.82,2.96703296703297,1.26373626373626,-0.10989010989011,4.56043956043956,-1.66,44.82,15.106,81.5724
"2013-10-25",913,6953,12.2,2.5,6.7,7.5,-1.7,2.6,38867.24,35345.25,0,0,0,0,17.5,42.8,294,14.28,2.29,5.32751091703057,2.92576419213974,3.27510917030568,6.23580786026201,107.1,174.216,32.7012,398.95464
"2013-11-25",310,4950,2.1,-5.4,-1.9,-2.9,-10,-6.8,35176.86,31072.38,0,0,0,0,13.7,28.1,235,10.26,1.48,1.41891891891892,-1.28378378378378,-1.95945945945946,6.93243243243243,-29.754,21.546,15.1848,31.88808
"2013-12-25",354,647,0.2,-5.1,-2.7,-3.7,-10.2,-7.4,34001.51,30132.39,0,0,0,0,15.3,30.6,324,9.77,1.22,0.163934426229508,-2.21311475409836,-3.0327868852459,8.00819672131147,-36.149,1.954,11.9194,2.38388
"2013-10-26",2195,5711,12.7,0.8,7.2,7.9,-2.4,3.2,38726.09,35258.87,0,0,0,0,18.2,44.6,222,15.02,2.52,5.03968253968254,2.85714285714286,3.13492063492063,5.96031746031746,118.658,190.754,37.8504,480.70008
"2013-11-26",51,1822,10.6,-0.2,2.5,9.1,-5.7,-1.2,35092.64,0,20.2,20.1,0.14,15,19.7,63.7,128,1.24,0.54,19.6296296296296,4.62962962962963,16.8518518518519,2.2962962962963,11.284,13.144,0.6696,7.09776
"2013-12-26",425,2021,5.9,-4.1,-0.6,1.7,-8.1,-4.6,34018.53,27404.66,0,0,0,0,10.2,27.4,219,8.6,1.01,5.84158415841584,-0.594059405940594,1.68316831683168,8.51485148514852,14.62,50.74,8.686,51.2474
"2013-10-27",2380,5537,15.3,4.7,10.2,11.7,1.5,7,38585.77,35179,0,0,0,0,13.6,33.1,282,14.22,2.47,6.19433198380567,4.12955465587044,4.73684210526316,5.75708502024291,166.374,217.566,35.1234,537.38802
"2013-11-27",44,2196,12,-0.9,3.8,11,-7.6,-0.7,35010.71,421.78,22.7,22.6,0.07,19,24.1,63.7,309,1.63,0.54,22.2222222222222,7.03703703703704,20.3703703703704,3.01851851851852,17.93,19.56,0.8802,10.5624
"2013-12-27",800,2784,8.1,-3.1,1.2,3.9,-7.6,-2.9,34039.13,30211.71,0,0,0,0,12.7,28.8,243,9.76,1.24,6.53225806451613,0.967741935483871,3.14516129032258,7.87096774193548,38.064,79.056,12.1024,98.02944
"2013-10-28",1177,7338,17.7,4.5,10.3,16.7,1.8,8.5,38446.43,35100.27,0,0,0,0,7.6,16.9,53,13.76,2.06,8.59223300970874,5,8.10679611650485,6.67961165048544,229.792,243.552,28.3456,501.71712
"2013-11-28",388,1186,3.1,-2.2,-0.3,-1.4,-8.4,-5.3,34931.09,31149.82,0,0,0,0,22.7,46.4,294,10.68,1.5,2.06666666666667,-0.2,-0.933333333333333,7.12,-14.952,33.108,16.02,49.662
"2013-12-28",1936,2485,11.5,-2.2,3.3,8.1,-6.2,-0.5,34063.29,30149.47,0,0,0,0,12,25.2,223,9.62,1.34,8.58208955223881,2.46268656716418,6.04477611940298,7.17910447761194,77.922,110.63,12.8908,148.2442
"2013-10-29",963,7986,17,5,10.5,15.4,2.2,8.6,38308.19,35022.8,0,0,0,0,9.8,20.5,64,14.04,2.09,8.13397129186603,5.02392344497608,7.36842105263158,6.7177033492823,216.216,238.68,29.3436,498.8412
"2013-11-29",722,2196,5.2,-3.3,0.3,0.5,-7.4,-3.9,34853.89,31077.3,0,0,0,0,13.1,32,345,10.69,1.23,4.22764227642276,0.24390243902439,0.40650406504065,8.69105691056911,5.345,55.588,13.1487,68.37324
"2013-12-29",287,1154,7.2,3.3,5.3,5,-0.3,2.1,34090.96,72.32,26.6,26.6,0,12,17.5,60.1,250,0.67,0.3,24,17.6666666666667,16.6666666666667,2.23333333333333,3.35,4.824,0.201,1.4472
"2013-10-30",806,7249,19.5,8.5,13.2,19.6,6.6,12.4,38171.21,32856.17,2.2,2.2,0,4,12.1,27.7,163,9.34,1.53,12.7450980392157,8.62745098039216,12.8104575163399,6.10457516339869,183.064,182.13,14.2902,278.6589
"2013-11-30",784,2219,4.2,-4.2,-0.6,0.6,-8.3,-4.5,34779.2,25855.88,0,0,0,0,8.7,21.2,81,8.96,0.96,4.375,-0.625,0.625,9.33333333333333,5.376,37.632,8.6016,36.12672
"2013-12-30",674,3682,6.1,-0.6,3.2,1.7,-4.3,-0.6,34122.13,11331.34,0,0,0,0,17.2,37.4,310,5.43,0.89,6.85393258426966,3.59550561797753,1.91011235955056,6.10112359550562,9.231,33.123,4.8327,29.47947
"2013-10-31",723,7612,22.3,11.5,16.6,21.7,10.8,15.9,38035.61,22965.65,0,0,0,0,19.6,44.3,176,9.02,1.98,11.2626262626263,8.38383838383838,10.959595959596,4.55555555555556,195.734,201.146,17.8596,398.26908
"2013-12-31",531,3595,6.4,-2.5,1.1,0.3,-6.5,-3.4,34156.75,28415.37,0,0,0,0,23.5,50.4,274,9,1.3,4.92307692307692,0.846153846153846,0.230769230769231,6.92307692307692,2.7,57.6,11.7,74.88
